"Name","Team","O-Swing%","Z-Swing%","Swing%","O-Contact%","Z-Contact%","Contact%","Zone%","F-Strike%","SwStr%","H","ISO","BABIP","BB%","K%","Bat","PA","playerid"
"Barry Bonds","Giants","13.8 %","66.6 %","36.8 %","53.9 %","90.5 %","82.8 %","43.7 %","31.3 %","5.7 %","925",".402",".283","27.7 %","10.5 %","542.9","4072","1109"
"Albert Pujols","Cardinals","20.1 %","65.2 %","41.9 %","67.5 %","92.2 %","86.1 %","48.3 %","46.4 %","5.7 %","1900",".293",".315","13.5 %","9.5 %","590.7","6782","1177"
"Manny Ramirez","- - -","19.9 %","69.4 %","44.2 %","58.2 %","87.1 %","80.5 %","49.2 %","47.0 %","8.4 %","1641",".277",".343","14.1 %","18.5 %","449.9","6194","210"
"Larry Walker","- - -","16.2 %","71.7 %","43.9 %","41.5 %","83.4 %","75.7 %","50.0 %","37.0 %","10.6 %","729",".247",".340","13.7 %","15.3 %","142.6","2773","455"
"Todd Helton","Rockies","18.3 %","68.3 %","42.8 %","75.7 %","90.7 %","87.5 %","49.1 %","42.4 %","5.3 %","1858",".230",".340","15.5 %","12.1 %","359.3","6884","432"
"Alex Rodriguez","- - -","20.6 %","67.9 %","43.7 %","51.7 %","83.2 %","75.6 %","48.9 %","45.6 %","10.5 %","1881",".279",".313","12.3 %","18.2 %","478.0","7363","1274"
"Joey Votto","Reds","26.5 %","73.3 %","47.6 %","62.2 %","83.6 %","77.0 %","45.1 %","57.8 %","10.8 %","511",".243",".353","12.0 %","18.6 %","113.9","1870","4314"
"Jason Giambi","- - -","15.5 %","63.7 %","38.6 %","51.0 %","85.6 %","78.4 %","47.9 %","39.1 %","8.3 %","1214",".264",".286","17.4 %","18.0 %","359.4","5609","818"
"Jim Thome","- - -","17.9 %","68.2 %","41.2 %","41.7 %","78.1 %","69.7 %","46.3 %","41.5 %","12.3 %","1333",".295",".309","17.2 %","25.1 %","352.1","6021","409"
"Lance Berkman","- - -","18.4 %","71.1 %","43.1 %","49.5 %","86.4 %","78.0 %","46.7 %","45.0 %","9.3 %","1653",".251",".318","15.5 %","16.6 %","393.3","6730","548"
"Chipper Jones","Braves","14.1 %","71.3 %","41.6 %","56.9 %","85.8 %","80.7 %","48.1 %","40.4 %","7.9 %","1619",".232",".317","15.1 %","13.0 %","362.1","6268","97"
"Matt Holliday","- - -","25.3 %","77.6 %","50.7 %","57.5 %","85.4 %","78.2 %","48.6 %","58.3 %","10.9 %","1216",".226",".348","9.1 %","16.2 %","199.9","4313","1873"
"Carlos Delgado","- - -","24.0 %","71.0 %","46.7 %","54.7 %","80.8 %","73.8 %","48.2 %","43.0 %","12.0 %","1416",".267",".306","13.4 %","18.9 %","308.2","5938","1297"
"Vladimir Guerrero","- - -","38.0 %","84.6 %","58.2 %","65.8 %","89.2 %","80.5 %","43.2 %","48.0 %","11.0 %","1929",".241",".318","9.0 %","10.8 %","344.3","6737","778"
"Miguel Cabrera","- - -","27.6 %","70.6 %","48.6 %","58.5 %","86.1 %","78.1 %","48.9 %","58.5 %","10.4 %","1400",".238",".345","10.5 %","18.1 %","267.7","5089","1744"
"Jeff Bagwell","Astros","16.7 %","74.3 %","44.6 %","46.3 %","81.7 %","74.9 %","48.5 %","34.0 %","11.1 %","867",".248",".305","14.2 %","18.0 %","168.2","3631","547"
"Gary Sheffield","- - -","18.4 %","63.6 %","40.7 %","62.0 %","89.9 %","83.5 %","49.5 %","40.0 %","6.7 %","1344",".233",".288","13.3 %","11.5 %","284.8","5399","114"
"Jim Edmonds","- - -","18.3 %","69.2 %","43.5 %","52.4 %","79.5 %","73.7 %","49.4 %","43.1 %","11.3 %","1181",".265",".322","14.4 %","23.3 %","254.9","5029","1153"
"Ryan Braun","Brewers","30.8 %","66.7 %","48.2 %","61.4 %","88.4 %","79.5 %","48.4 %","60.1 %","9.8 %","711",".247",".336","7.2 %","18.3 %","129.1","2548","3410"
"Ryan Howard","Phillies","26.9 %","71.8 %","47.3 %","40.6 %","78.9 %","67.0 %","45.5 %","54.5 %","15.2 %","902",".293",".328","12.4 %","27.5 %","174.4","3765","2154"
"David Ortiz","- - -","19.6 %","71.8 %","44.4 %","50.9 %","85.7 %","77.7 %","47.6 %","46.6 %","9.8 %","1505",".270",".298","13.3 %","18.4 %","282.8","6259","745"
"Sammy Sosa","- - -","23.4 %","75.0 %","48.1 %","44.5 %","76.2 %","68.1 %","47.8 %","36.3 %","15.2 %","995",".287",".307","12.3 %","22.9 %","197.8","4088","302"
"Josh Hamilton","- - -","33.8 %","80.7 %","54.6 %","58.0 %","83.2 %","74.5 %","44.3 %","59.1 %","13.8 %","553",".233",".344","8.3 %","18.5 %","84.5","1977","1875"
"Frank Thomas","- - -","13.6 %","62.7 %","38.2 %","61.3 %","88.0 %","83.2 %","50.0 %","43.1 %","6.4 %","904",".255",".277","14.8 %","16.5 %","186.4","3983","255"
"Prince Fielder","Brewers","27.3 %","68.6 %","45.9 %","55.4 %","86.3 %","76.2 %","45.0 %","53.8 %","10.7 %","826",".256",".298","13.0 %","19.1 %","162.4","3518","4613"
"Hanley Ramirez","- - -","22.3 %","65.4 %","43.6 %","63.8 %","89.8 %","83.1 %","49.5 %","59.3 %","7.3 %","934",".207",".347","9.6 %","16.0 %","151.2","3372","8001"
"Ellis Burks","- - -","17.4 %","70.2 %","45.2 %","42.6 %","84.6 %","76.9 %","52.6 %","26.7 %","10.4 %","472",".238",".314","10.6 %","16.4 %","86.7","1808","372"
"Mark Teixeira","- - -","21.6 %","67.0 %","43.1 %","56.4 %","88.5 %","80.1 %","47.4 %","55.2 %","8.5 %","1321",".251",".303","11.5 %","17.4 %","226.3","5350","1281"
"Kevin Youkilis","Red Sox","17.9 %","57.8 %","38.4 %","61.9 %","90.4 %","83.9 %","51.4 %","57.0 %","6.1 %","816",".203",".333","12.5 %","17.9 %","132.9","3292","1935"
"Edgar Martinez","Mariners","15.4 %","60.9 %","37.9 %","52.9 %","88.0 %","80.8 %","49.6 %","30.9 %","7.2 %","689",".204",".321","14.5 %","16.3 %","137.3","2805","1086"
"Magglio Ordonez","- - -","20.5 %","75.4 %","48.6 %","62.9 %","89.4 %","83.9 %","51.2 %","45.7 %","7.8 %","1711",".204",".323","9.1 %","11.3 %","257.6","6060","248"
"David Wright","Mets","21.2 %","67.3 %","44.2 %","62.4 %","88.4 %","82.2 %","49.8 %","56.5 %","7.8 %","1149",".211",".343","11.1 %","18.5 %","198.3","4336","3787"
"Chase Utley","Phillies","21.9 %","62.0 %","41.8 %","64.8 %","90.6 %","83.8 %","49.6 %","55.0 %","6.7 %","1095",".221",".314","9.8 %","15.5 %","172.9","4324","1679"
"J.D. Drew","- - -","16.4 %","64.5 %","39.9 %","52.4 %","86.7 %","79.4 %","48.8 %","44.5 %","8.1 %","1278",".219",".316","14.4 %","18.4 %","223.4","5396","1152"
"Brian Giles","- - -","12.9 %","64.1 %","37.8 %","72.4 %","94.7 %","90.8 %","48.7 %","41.0 %","3.4 %","1490",".205",".293","15.1 %","10.0 %","287.7","6176","990"
"Travis Hafner","- - -","19.9 %","66.8 %","42.3 %","49.0 %","83.0 %","74.7 %","47.9 %","55.0 %","10.6 %","913",".236",".316","12.9 %","20.0 %","177.3","3852","1573"
"Adam Dunn","- - -","19.3 %","65.9 %","40.8 %","45.9 %","79.9 %","71.2 %","46.1 %","51.5 %","11.6 %","1246",".271",".296","16.3 %","26.9 %","238.4","6065","319"
"Moises Alou","- - -","19.9 %","79.9 %","50.0 %","55.3 %","89.2 %","82.5 %","50.2 %","41.2 %","8.7 %","1168",".214",".306","9.5 %","9.9 %","163.8","4227","261"
"Joe Mauer","Twins","20.1 %","56.0 %","37.6 %","76.2 %","93.5 %","88.8 %","48.8 %","53.5 %","4.1 %","1011",".154",".344","12.1 %","9.8 %","155.5","3578","1857"
"Bobby Abreu","- - -","14.5 %","55.6 %","34.9 %","53.7 %","88.9 %","81.5 %","49.8 %","43.6 %","6.4 %","1867",".193",".336","14.8 %","17.8 %","310.9","7599","945"
"Shin-Soo Choo","- - -","24.3 %","69.5 %","45.1 %","55.3 %","84.5 %","76.0 %","46.1 %","55.9 %","10.7 %","488",".191",".360","11.9 %","21.1 %","84.1","1921","3174"
"Derrek Lee","- - -","18.1 %","66.2 %","42.0 %","51.1 %","84.7 %","77.4 %","49.8 %","46.6 %","9.4 %","1678",".223",".326","11.5 %","19.4 %","246.4","6674","525"
"Jeff Kent","- - -","19.8 %","74.1 %","47.3 %","52.4 %","87.9 %","80.6 %","50.6 %","43.4 %","9.1 %","1429",".217",".316","9.4 %","14.0 %","209.9","5377","1119"
"Luis Gonzalez","- - -","16.9 %","68.2 %","42.1 %","64.9 %","90.8 %","85.5 %","49.2 %","36.3 %","6.0 %","1349",".220",".290","12.5 %","11.3 %","173.1","5466","55"
"Jason Bay","- - -","21.0 %","63.8 %","42.1 %","53.8 %","81.0 %","74.1 %","49.4 %","56.9 %","10.8 %","1017",".231",".327","12.4 %","23.0 %","156.1","4298","1717"
"Jorge Posada","Yankees","17.4 %","64.9 %","40.3 %","47.6 %","88.3 %","79.2 %","48.2 %","42.8 %","8.3 %","1346",".209",".323","13.5 %","20.3 %","213.8","5678","841"
"Rafael Palmeiro","- - -","15.5 %","69.8 %","41.8 %","59.6 %","91.4 %","85.3 %","48.4 %","33.1 %","6.1 %","862",".249",".253","13.8 %","11.7 %","121.7","3782","1266"
"Evan Longoria","Rays","25.3 %","65.1 %","44.4 %","58.3 %","84.9 %","77.1 %","48.1 %","55.3 %","10.0 %","455",".237",".321","10.3 %","21.0 %","75.6","1840","9368"
"Nick Johnson","- - -","14.2 %","59.2 %","36.5 %","58.2 %","88.9 %","82.8 %","49.6 %","49.0 %","6.2 %","705",".173",".309","15.9 %","17.0 %","110.4","3214","828"
"Troy Glaus","- - -","17.4 %","65.3 %","41.2 %","46.9 %","80.9 %","73.7 %","49.8 %","41.0 %","10.8 %","1207",".244",".281","13.9 %","21.3 %","175.3","5542","15"
"Scott Rolen","- - -","19.8 %","69.2 %","45.0 %","63.2 %","89.1 %","83.5 %","50.9 %","46.5 %","7.4 %","1465",".212",".304","10.3 %","15.1 %","184.8","5908","970"
"Adrian Gonzalez","- - -","26.4 %","71.8 %","47.8 %","56.8 %","85.5 %","77.1 %","47.1 %","56.6 %","10.7 %","900",".223",".310","11.4 %","18.2 %","143.4","3631","1908"
"Brad Hawpe","- - -","21.9 %","73.6 %","47.2 %","52.4 %","78.4 %","72.3 %","49.0 %","59.5 %","12.9 %","756",".211",".337","12.9 %","23.1 %","57.8","3153","1885"
"Mike Sweeney","- - -","25.0 %","77.0 %","51.2 %","63.9 %","87.8 %","82.0 %","50.3 %","38.8 %","9.1 %","1177",".197",".302","9.2 %","10.7 %","115.7","4434","634"
"Troy Tulowitzki","Rockies","23.5 %","63.2 %","43.7 %","70.3 %","88.4 %","83.6 %","50.8 %","59.9 %","7.1 %","608",".205",".319","9.5 %","16.9 %","41.2","2368","3531"
"Ryan Klesko","- - -","19.2 %","72.7 %","44.8 %","55.8 %","86.1 %","79.4 %","48.0 %","37.1 %","9.2 %","880",".204",".294","13.8 %","14.8 %","134.6","3744","1041"
"Paul Konerko","White Sox","20.8 %","64.3 %","42.7 %","58.3 %","88.9 %","81.6 %","50.5 %","47.0 %","7.8 %","1662",".223",".286","10.0 %","14.7 %","181.5","6713","242"
"Carlos Gonzalez","- - -","33.5 %","69.7 %","50.4 %","55.3 %","88.4 %","76.7 %","46.7 %","59.3 %","11.6 %","349",".220",".355","6.4 %","22.5 %","27.7","1269","7287"
"Mike Piazza","- - -","20.7 %","71.4 %","47.2 %","49.9 %","85.1 %","77.7 %","52.3 %","39.2 %","10.4 %","927",".227",".292","10.3 %","15.0 %","120.4","3670","893"
"Juan Gonzalez","- - -","29.1 %","76.4 %","53.2 %","46.4 %","86.4 %","75.7 %","50.9 %","24.7 %","12.9 %","515",".232",".318","6.0 %","17.4 %","50.8","1872","1251"
"Erubiel Durazo","- - -","19.0 %","67.4 %","42.7 %","47.0 %","86.0 %","77.1 %","49.0 %","42.4 %","9.6 %","496",".201",".308","13.3 %","18.3 %","59.2","2106","1413"
"Cliff Floyd","- - -","23.5 %","77.3 %","50.6 %","47.6 %","83.8 %","75.5 %","50.5 %","42.2 %","12.2 %","1040",".217",".305","10.4 %","17.2 %","128.4","4232","518"
"Jayson Werth","- - -","20.2 %","59.1 %","39.8 %","59.4 %","82.5 %","76.6 %","50.3 %","53.9 %","9.3 %","684",".210",".333","12.3 %","24.7 %","84.3","2939","1327"
"David Segui","- - -","20.6 %","75.5 %","47.5 %","46.6 %","86.0 %","77.2 %","49.0 %","15.9 %","10.8 %","384",".156",".351","10.2 %","16.2 %","36.4","1405","169"
"Carlos Beltran","- - -","19.5 %","65.8 %","42.4 %","61.7 %","89.5 %","83.0 %","49.4 %","45.2 %","7.1 %","1551",".218",".298","11.2 %","15.6 %","164.3","6346","589"
"Justin Morneau","Twins","30.2 %","71.2 %","49.5 %","63.3 %","88.8 %","80.5 %","47.0 %","58.3 %","9.4 %","995",".226",".295","10.0 %","15.1 %","119.3","3949","1737"
"Josh Willingham","- - -","18.0 %","62.9 %","40.2 %","54.2 %","86.3 %","79.0 %","49.5 %","57.2 %","8.4 %","588",".210",".300","11.6 %","19.8 %","72.0","2603","2103"
"Hideki Matsui","- - -","16.6 %","63.1 %","39.9 %","64.5 %","90.7 %","85.2 %","50.0 %","54.6 %","5.9 %","1109",".190",".304","11.0 %","13.3 %","134.4","4378","1659"
"Luke Scott","- - -","23.8 %","72.6 %","46.7 %","51.3 %","85.3 %","76.1 %","47.0 %","57.6 %","11.0 %","546",".235",".300","11.2 %","20.0 %","61.0","2322","3469"
"Jack Cust","- - -","16.6 %","64.8 %","39.0 %","40.3 %","75.1 %","67.1 %","46.4 %","53.7 %","12.8 %","462",".207",".338","17.3 %","31.7 %","72.6","2311","1564"
"Andre Ethier","Dodgers","26.7 %","68.0 %","46.9 %","61.5 %","91.1 %","82.5 %","49.0 %","58.5 %","8.1 %","722",".200",".318","9.6 %","16.0 %","84.9","2814","6265"
"Derek Jeter","Yankees","20.3 %","73.3 %","47.5 %","60.7 %","89.4 %","83.4 %","51.4 %","48.2 %","7.9 %","2119",".135",".351","8.8 %","14.3 %","217.3","7662","826"
"David Justice","- - -","12.1 %","66.7 %","39.9 %","53.9 %","88.1 %","83.0 %","51.0 %","16.7 %","6.8 %","348",".219",".277","13.3 %","15.8 %","39.9","1516","923"
"Nomar Garciaparra","- - -","26.4 %","83.4 %","56.5 %","58.8 %","90.6 %","83.6 %","52.9 %","50.2 %","9.2 %","1132",".189",".308","6.9 %","8.6 %","99.7","4042","190"
"Jeremy Giambi","- - -","15.1 %","66.5 %","39.8 %","52.0 %","79.8 %","74.3 %","48.0 %","22.9 %","10.2 %","277",".190",".307","15.4 %","21.6 %","35.6","1299","913"
"Tim Salmon","Angels","17.1 %","72.2 %","45.1 %","43.1 %","84.8 %","77.0 %","50.8 %","32.0 %","10.3 %","659",".193",".304","13.5 %","18.6 %","76.8","2900","32"
"Brian McCann","Braves","26.3 %","69.8 %","46.8 %","67.8 %","90.3 %","83.6 %","47.2 %","55.3 %","7.6 %","752",".200",".302","9.3 %","13.6 %","75.9","2938","4810"
"Richie Sexson","- - -","20.3 %","72.9 %","45.8 %","41.6 %","78.5 %","70.0 %","48.4 %","40.3 %","13.7 %","1107",".244",".293","11.2 %","23.6 %","125.5","4885","709"
"Dustin Pedroia","Red Sox","23.9 %","60.1 %","42.4 %","84.4 %","95.1 %","92.2 %","51.2 %","56.2 %","3.3 %","667",".156",".310","8.7 %","7.4 %","51.6","2470","8370"
"Shawn Green","- - -","21.7 %","73.2 %","47.5 %","53.7 %","86.2 %","78.8 %","50.0 %","40.9 %","10.0 %","1285",".207",".300","10.4 %","15.5 %","136.9","5197","651"
"Grady Sizemore","Indians","19.3 %","65.1 %","42.8 %","57.7 %","88.6 %","81.8 %","51.3 %","56.1 %","7.7 %","888",".204",".315","11.0 %","19.5 %","103.8","3752","2197"
"Carlos Quentin","- - -","27.6 %","76.0 %","50.6 %","56.5 %","85.5 %","77.2 %","47.4 %","59.1 %","11.5 %","422",".236",".251","9.2 %","15.5 %","38.1","1949","6274"
"Aramis Ramirez","- - -","26.1 %","75.2 %","50.9 %","61.2 %","87.5 %","80.9 %","50.6 %","50.2 %","9.7 %","1546",".223",".288","7.2 %","13.5 %","120.2","5993","1002"
"Nick Markakis","Orioles","22.6 %","62.9 %","42.5 %","75.4 %","91.0 %","86.8 %","49.4 %","56.8 %","5.6 %","891",".165",".329","9.9 %","14.5 %","75.5","3369","5930"
"Victor Martinez","- - -","22.5 %","64.7 %","43.1 %","73.7 %","92.0 %","87.1 %","48.8 %","55.7 %","5.5 %","1120",".170",".312","9.7 %","11.4 %","106.1","4224","393"
"Bernie Williams","Yankees","15.0 %","66.4 %","41.0 %","52.9 %","89.2 %","82.6 %","50.5 %","37.9 %","7.1 %","1038",".177",".305","11.5 %","12.9 %","105.2","4128","857"
"Pat Burrell","- - -","17.5 %","63.2 %","39.9 %","52.4 %","84.7 %","77.4 %","49.0 %","46.5 %","8.9 %","1351",".221",".297","14.3 %","23.8 %","138.2","6301","949"
"Carlos Pena","- - -","22.7 %","72.0 %","45.7 %","45.4 %","78.4 %","69.6 %","46.6 %","56.5 %","13.8 %","871",".249",".279","13.5 %","26.3 %","123.1","4296","934"
"Dan Uggla","Marlins","20.4 %","65.8 %","42.4 %","46.9 %","82.0 %","73.3 %","48.5 %","58.0 %","11.3 %","771",".224",".302","10.8 %","22.5 %","74.1","3372","3442"
"Ryan Zimmerman","Nationals","23.8 %","59.7 %","41.5 %","62.7 %","88.9 %","81.3 %","49.4 %","57.7 %","7.7 %","833",".196",".318","9.2 %","16.9 %","77.6","3229","4220"
"Andrew McCutchen","Pirates","20.1 %","57.3 %","38.6 %","65.1 %","90.2 %","83.6 %","49.7 %","57.1 %","6.3 %","287",".172",".318","10.8 %","15.0 %","32.0","1146","9847"
"Geovany Soto","Cubs","18.3 %","63.2 %","40.2 %","46.7 %","85.0 %","76.1 %","48.8 %","56.9 %","9.5 %","329",".202",".310","12.6 %","21.0 %","25.5","1426","3707"
"Richard Hidalgo","- - -","19.1 %","68.7 %","45.0 %","52.4 %","84.4 %","77.9 %","52.3 %","36.1 %","9.9 %","759",".230",".294","8.8 %","19.2 %","55.3","3179","561"
"Ken Griffey Jr.","- - -","21.2 %","69.6 %","44.6 %","58.5 %","87.7 %","80.5 %","48.3 %","40.5 %","8.6 %","1039",".231",".270","12.2 %","17.2 %","83.5","4616","327"
"Morgan Ensberg","- - -","14.0 %","68.0 %","41.7 %","42.8 %","84.8 %","77.9 %","51.3 %","57.3 %","9.2 %","579",".205",".280","12.9 %","16.9 %","52.0","2580","556"
"Fred McGriff","- - -","18.0 %","75.0 %","46.2 %","42.2 %","85.6 %","77.0 %","49.5 %","25.6 %","10.5 %","544",".205",".299","11.5 %","18.2 %","47.7","2255","293"
"Jermaine Dye","- - -","20.5 %","63.0 %","42.4 %","58.2 %","86.2 %","79.6 %","51.5 %","42.1 %","8.6 %","1406",".223",".293","8.8 %","17.9 %","105.9","5722","911"
"Trot Nixon","- - -","15.1 %","67.1 %","41.0 %","42.9 %","88.8 %","80.2 %","49.7 %","37.3 %","8.1 %","883",".190",".302","12.0 %","16.3 %","73.9","3745","204"
"Robinson Cano","Yankees","31.8 %","72.2 %","52.0 %","71.9 %","94.9 %","87.9 %","50.2 %","61.2 %","6.3 %","1075",".180",".322","5.0 %","11.0 %","81.7","3732","3269"
"Mike Napoli","Angels","23.1 %","63.9 %","42.4 %","51.2 %","78.9 %","70.9 %","47.3 %","56.1 %","12.3 %","389",".234",".293","11.1 %","25.7 %","44.7","1804","3057"
"Nick Swisher","- - -","19.0 %","62.3 %","39.4 %","53.6 %","85.1 %","77.1 %","47.1 %","53.6 %","9.0 %","802",".217",".286","13.2 %","21.4 %","82.6","3754","4599"
"Nelson Cruz","- - -","26.9 %","72.3 %","48.7 %","53.8 %","79.9 %","72.4 %","47.9 %","60.4 %","13.3 %","387",".229",".308","8.5 %","22.0 %","24.6","1571","2434"
"Phil Nevin","- - -","20.2 %","70.3 %","45.7 %","47.7 %","80.9 %","73.8 %","51.0 %","35.0 %","11.9 %","852",".206",".318","9.7 %","21.2 %","88.0","3414","1049"
"John Vander Wal","- - -","20.9 %","68.9 %","45.1 %","49.8 %","79.1 %","72.4 %","50.4 %","21.9 %","12.4 %","384",".204",".328","12.8 %","23.8 %","30.9","1662","853"
"Pablo Sandoval","Giants","42.9 %","80.5 %","57.7 %","76.6 %","88.5 %","83.1 %","39.4 %","62.2 %","9.6 %","390",".179",".325","7.3 %","12.7 %","37.0","1403","5409"
"John Olerud","- - -","10.9 %","59.6 %","35.8 %","57.6 %","92.6 %","87.4 %","51.1 %","31.2 %","4.5 %","805",".152",".300","13.6 %","11.3 %","85.2","3356","1093"
"Ian Kinsler","Rangers","21.9 %","65.8 %","44.0 %","68.7 %","92.9 %","86.9 %","50.3 %","58.0 %","5.7 %","668",".186",".293","9.6 %","12.8 %","42.3","2723","6195"
"Carlos Lee","- - -","24.3 %","70.0 %","47.6 %","68.2 %","91.6 %","85.8 %","51.0 %","47.9 %","6.7 %","1823",".211",".284","7.5 %","11.5 %","133.9","7001","243"
"Craig Wilson","- - -","25.7 %","70.0 %","47.9 %","41.6 %","76.9 %","67.4 %","50.0 %","57.3 %","15.5 %","527",".211",".335","8.6 %","27.8 %","44.4","2311","1015"
"Corey Koskie","- - -","19.3 %","69.2 %","44.1 %","47.8 %","81.1 %","73.8 %","49.8 %","36.7 %","11.5 %","826",".186",".320","11.8 %","20.2 %","62.7","3527","738"
"Kendrys Morales","Angels","31.7 %","64.9 %","46.6 %","63.9 %","89.3 %","79.8 %","45.0 %","55.2 %","9.2 %","323",".217",".301","6.9 %","16.5 %","26.1","1240","8610"
"Brad Fullmer","- - -","21.3 %","77.5 %","50.6 %","61.0 %","88.2 %","82.7 %","52.1 %","26.3 %","8.7 %","532",".218",".283","7.3 %","12.4 %","33.3","2101","13"
"Justin Upton","Diamondbacks","23.4 %","65.9 %","43.6 %","53.6 %","79.7 %","72.4 %","47.6 %","56.6 %","12.0 %","413",".199",".345","10.6 %","25.9 %","22.2","1728","5222"
"Billy Butler","Royals","24.8 %","63.8 %","43.5 %","66.6 %","90.6 %","83.5 %","47.9 %","54.7 %","7.1 %","590",".158",".325","8.5 %","13.4 %","41.1","2188","7399"
"Mo Vaughn","- - -","17.2 %","70.2 %","43.8 %","33.5 %","80.3 %","71.1 %","50.2 %","26.1 %","12.6 %","308",".208",".314","11.1 %","25.5 %","21.3","1366","899"
"Jose Vidro","- - -","20.6 %","67.5 %","44.2 %","73.1 %","92.2 %","87.7 %","50.2 %","41.4 %","5.4 %","1287",".149",".316","8.7 %","9.5 %","76.4","4747","802"
"Raul Ibanez","- - -","21.3 %","67.4 %","44.7 %","64.3 %","87.0 %","81.7 %","50.8 %","51.1 %","8.1 %","1577",".194",".309","8.9 %","15.5 %","121.1","6140","607"
"Curtis Granderson","- - -","21.9 %","62.2 %","41.9 %","52.3 %","86.7 %","77.7 %","49.6 %","56.4 %","9.3 %","817",".213",".314","9.6 %","21.4 %","59.6","3424","4747"
"Dmitri Young","- - -","29.5 %","79.2 %","54.4 %","52.4 %","85.5 %","76.6 %","50.2 %","41.8 %","12.6 %","1018",".192",".321","7.5 %","16.6 %","67.7","3843","505"
"Andruw Jones","- - -","23.3 %","71.4 %","46.9 %","46.2 %","80.1 %","71.5 %","49.1 %","45.1 %","13.3 %","1404",".236",".270","10.4 %","19.8 %","100.3","6283","96"
"Andres Galarraga","- - -","26.6 %","76.0 %","50.2 %","43.5 %","77.5 %","68.1 %","47.8 %","22.4 %","15.9 %","412",".194",".339","7.1 %","23.8 %","24.0","1631","1390"
"Martin Prado","Braves","22.5 %","57.3 %","40.2 %","76.7 %","94.5 %","89.6 %","50.9 %","56.8 %","4.2 %","423",".147",".336","6.9 %","12.3 %","30.4","1519","3312"
"Geoff Jenkins","- - -","28.0 %","78.2 %","52.5 %","46.5 %","81.7 %","72.1 %","48.8 %","44.8 %","14.4 %","1093",".215",".322","8.1 %","23.2 %","63.6","4476","690"
"Alfonso Soriano","- - -","34.6 %","74.5 %","54.0 %","51.7 %","84.9 %","74.0 %","48.7 %","53.2 %","13.9 %","1633",".232",".306","6.0 %","20.4 %","100.2","6400","847"
"Hunter Pence","Astros","29.4 %","71.2 %","49.7 %","58.8 %","85.6 %","77.5 %","48.6 %","62.8 %","11.2 %","645",".194",".319","6.8 %","17.8 %","46.0","2431","8252"
"Kevin Millar","- - -","20.0 %","66.2 %","43.8 %","61.7 %","91.0 %","84.5 %","51.6 %","49.8 %","6.8 %","1183",".181",".297","10.5 %","15.6 %","81.9","4972","529"
"Milton Bradley","- - -","17.8 %","72.3 %","44.9 %","51.4 %","85.1 %","78.4 %","49.7 %","50.8 %","9.6 %","954",".170",".318","11.9 %","19.3 %","72.6","4066","369"
"Adam LaRoche","- - -","23.6 %","68.3 %","45.3 %","52.0 %","86.6 %","77.3 %","48.7 %","57.8 %","10.2 %","933",".216",".315","9.2 %","22.4 %","59.3","3845","1904"
"Bill Mueller","- - -","13.3 %","69.0 %","42.9 %","64.9 %","93.1 %","89.0 %","53.2 %","39.9 %","4.7 %","772",".153",".305","10.6 %","11.0 %","45.4","3091","295"
"Josh Phelps","- - -","24.3 %","72.3 %","48.4 %","37.5 %","79.4 %","69.0 %","50.2 %","60.7 %","15.0 %","380",".199",".337","7.5 %","25.6 %","22.9","1552","1318"
"Mark Reynolds","Diamondbacks","25.1 %","72.0 %","47.1 %","43.0 %","70.5 %","62.7 %","46.9 %","60.1 %","17.5 %","480",".241",".323","11.4 %","33.6 %","21.8","2285","7619"
"Ryan Ludwick","- - -","25.5 %","71.2 %","48.2 %","53.9 %","84.0 %","76.0 %","49.7 %","59.6 %","11.5 %","573",".210",".309","8.5 %","22.5 %","47.1","2416","1260"
"Frank Catalanotto","- - -","21.3 %","63.7 %","43.6 %","73.8 %","93.5 %","89.0 %","52.6 %","45.1 %","4.8 %","966",".151",".314","8.1 %","10.7 %","45.0","3714","1241"
"Eric Chavez","Athletics","23.4 %","67.5 %","45.3 %","63.8 %","83.8 %","78.6 %","49.8 %","43.5 %","9.6 %","1174",".215",".286","10.4 %","17.4 %","89.9","4955","906"
"Aubrey Huff","- - -","24.3 %","65.9 %","44.7 %","61.5 %","91.1 %","82.9 %","49.0 %","50.8 %","7.5 %","1556",".193",".293","8.3 %","13.2 %","99.7","6112","1213"
"Casey McGehee","- - -","25.7 %","66.1 %","45.0 %","72.4 %","87.7 %","83.1 %","47.8 %","61.0 %","7.5 %","285",".182",".313","7.7 %","16.3 %","19.5","1089","6086"
"Russell Branyan","- - -","24.9 %","76.8 %","48.8 %","40.0 %","71.7 %","63.0 %","46.1 %","47.1 %","17.9 %","649",".258",".298","11.9 %","32.9 %","53.2","3206","370"
"Kelly Johnson","- - -","22.6 %","66.0 %","43.7 %","56.5 %","88.7 %","80.2 %","48.6 %","57.3 %","8.7 %","605",".178",".318","11.0 %","19.7 %","35.2","2573","2234"
"Johnny Damon","- - -","20.3 %","64.9 %","43.5 %","68.2 %","92.0 %","86.6 %","52.0 %","43.9 %","5.8 %","1891",".152",".309","9.8 %","11.5 %","94.2","7380","185"
"Ray Lankford","- - -","14.6 %","70.0 %","43.6 %","48.1 %","77.7 %","73.0 %","52.3 %","19.2 %","11.6 %","294",".214",".322","13.6 %","29.1 %","19.2","1406","1044"
"Matt Stairs","- - -","20.1 %","66.7 %","42.3 %","51.2 %","84.3 %","76.1 %","47.7 %","41.5 %","10.0 %","891",".203",".285","11.9 %","19.3 %","49.4","4025","1384"
"Miguel Tejada","- - -","26.7 %","68.8 %","48.3 %","67.3 %","92.6 %","85.8 %","51.3 %","45.3 %","6.8 %","2031",".177",".300","6.0 %","10.9 %","119.5","7510","941"
"Chris Duncan","Cardinals","21.4 %","66.8 %","43.1 %","44.0 %","86.5 %","75.5 %","47.8 %","57.2 %","10.5 %","295",".201",".307","12.1 %","24.0 %","19.8","1317","2722"
"Javy Lopez","- - -","27.4 %","70.9 %","49.6 %","54.6 %","87.1 %","78.3 %","51.1 %","41.7 %","10.7 %","865",".198",".306","6.3 %","16.8 %","41.6","3312","103"
"Lyle Overbay","- - -","20.1 %","66.7 %","42.7 %","52.5 %","87.6 %","79.0 %","48.4 %","56.8 %","8.9 %","1066",".173",".317","11.5 %","18.3 %","57.8","4449","1617"
"Matt Diaz","- - -","35.3 %","74.7 %","55.0 %","59.1 %","83.1 %","75.4 %","50.2 %","65.5 %","13.4 %","453",".155",".350","5.1 %","18.3 %","22.6","1647","1771"
"Ray Durham","- - -","17.8 %","64.9 %","41.8 %","66.1 %","89.4 %","84.5 %","51.0 %","40.5 %","6.5 %","1246",".173",".302","10.2 %","14.0 %","58.2","5139","230"
"Corey Hart","Brewers","26.8 %","71.4 %","49.3 %","53.4 %","83.7 %","75.5 %","50.4 %","61.4 %","12.0 %","658",".207",".310","6.6 %","19.4 %","35.7","2629","1945"
"Ryan Spilborghs","Rockies","18.8 %","69.4 %","44.4 %","53.0 %","85.1 %","78.4 %","50.7 %","58.0 %","9.6 %","382",".159",".324","9.9 %","18.0 %","0.8","1546","4521"
"Bret Boone","- - -","18.7 %","66.1 %","43.1 %","51.3 %","82.9 %","76.3 %","51.4 %","37.9 %","10.2 %","895",".198",".300","8.2 %","17.5 %","68.6","3613","1067"
"Carlos Guillen","- - -","22.6 %","72.2 %","47.6 %","66.5 %","88.9 %","83.6 %","50.3 %","49.2 %","7.7 %","1293",".160",".320","9.8 %","15.1 %","77.9","5112","1079"
"Ichiro Suzuki","Mariners","26.4 %","67.7 %","47.6 %","76.3 %","94.0 %","89.2 %","51.2 %","49.6 %","5.1 %","2244",".099",".357","6.2 %","9.3 %","142.3","7339","1101"
"Matt Lawton","- - -","14.0 %","65.0 %","40.1 %","58.1 %","90.5 %","84.9 %","51.2 %","34.0 %","6.0 %","815",".149",".283","12.1 %","11.0 %","43.7","3528","390"
"Chris Shelton","- - -","23.8 %","62.5 %","43.0 %","53.3 %","84.7 %","76.0 %","49.7 %","55.4 %","10.3 %","254",".184",".335","9.2 %","24.1 %","14.5","1044","1891"
"Dante Bichette","- - -","","","","","","","","","","281",".179",".319","6.6 %","15.9 %","5.3","1051","1000946"
"Reggie Sanders","- - -","21.6 %","77.5 %","51.2 %","40.3 %","79.1 %","71.4 %","52.9 %","43.9 %","14.6 %","749",".232",".295","8.2 %","22.8 %","34.9","3201","1129"
"Matt Kemp","Dodgers","30.0 %","68.8 %","48.7 %","55.2 %","81.8 %","73.4 %","48.2 %","59.3 %","12.9 %","645",".187",".344","7.1 %","23.5 %","40.0","2469","5631"
"Roberto Alomar","- - -","16.1 %","66.3 %","43.1 %","63.0 %","89.1 %","84.6 %","53.8 %","28.6 %","6.7 %","717",".143",".316","9.7 %","12.2 %","30.1","2817","860"
"Mike Lowell","- - -","21.0 %","64.3 %","43.4 %","68.7 %","91.8 %","86.4 %","51.6 %","46.1 %","5.9 %","1537",".187",".288","8.5 %","12.2 %","72.8","6141","527"
"David Murphy","- - -","23.5 %","59.9 %","40.8 %","71.0 %","90.0 %","84.2 %","47.5 %","58.8 %","6.4 %","393",".178",".317","8.7 %","17.4 %","12.1","1557","6035"
"Torii Hunter","- - -","27.1 %","73.4 %","50.2 %","50.0 %","86.8 %","76.8 %","49.8 %","50.0 %","11.5 %","1565",".201",".302","7.2 %","17.7 %","81.3","6213","731"
"Garrett Atkins","- - -","17.2 %","61.8 %","40.7 %","64.5 %","92.3 %","86.7 %","52.6 %","57.1 %","5.4 %","835",".164",".305","8.9 %","13.7 %","-0.1","3273","1790"
"Rickie Weeks Jr.","Brewers","20.6 %","60.5 %","40.5 %","48.8 %","84.2 %","75.2 %","49.9 %","56.8 %","10.0 %","610",".176",".309","10.7 %","23.0 %","33.1","2823","1849"
"Jose Bautista","- - -","19.2 %","61.0 %","40.2 %","59.9 %","85.9 %","79.8 %","50.4 %","57.7 %","8.1 %","566",".209",".270","11.8 %","20.2 %","29.3","2721","1887"
"Sean Casey","- - -","22.7 %","67.5 %","46.4 %","70.5 %","94.1 %","88.6 %","52.9 %","44.3 %","5.2 %","1250",".137",".316","8.1 %","9.6 %","35.6","4612","314"
"Ryan Raburn","Tigers","27.2 %","71.0 %","48.4 %","56.7 %","83.3 %","75.6 %","48.4 %","56.4 %","11.7 %","269",".192",".330","7.3 %","23.1 %","12.9","1079","2218"
"Chris Iannetta","Rockies","17.7 %","71.5 %","44.9 %","47.3 %","81.7 %","75.0 %","50.5 %","57.8 %","11.1 %","254",".201",".271","13.1 %","22.2 %","-1.3","1307","8267"
"Shannon Stewart","- - -","21.7 %","67.1 %","46.0 %","68.8 %","92.3 %","87.1 %","53.6 %","41.5 %","5.9 %","1265",".137",".319","7.6 %","10.5 %","49.5","4663","1322"
"Eduardo Perez","- - -","22.6 %","71.8 %","47.1 %","47.0 %","83.9 %","75.0 %","49.9 %","49.0 %","11.7 %","226",".206",".272","9.8 %","17.8 %","12.5","1010","1409"
"J.T. Snow","- - -","15.7 %","70.5 %","43.5 %","57.6 %","88.4 %","82.9 %","50.6 %","34.6 %","7.4 %","639",".142",".320","12.1 %","17.7 %","32.8","2745","1133"
"Ben Grieve","- - -","16.9 %","62.1 %","39.4 %","54.6 %","83.0 %","76.9 %","49.7 %","25.9 %","9.0 %","538",".164",".319","12.7 %","22.0 %","26.4","2399","1209"
"Mike Cameron","- - -","17.0 %","63.8 %","40.8 %","45.6 %","83.4 %","75.6 %","50.8 %","45.8 %","9.9 %","1324",".203",".307","11.0 %","24.4 %","90.5","6034","1070"
"Mark Grace","- - -","11.2 %","68.1 %","40.9 %","57.9 %","91.9 %","87.5 %","52.2 %","17.1 %","5.0 %","387",".148",".271","13.4 %","6.5 %","7.0","1677","56"
"Melvin Mora","- - -","21.8 %","63.9 %","43.5 %","59.5 %","88.6 %","81.5 %","51.5 %","48.4 %","8.0 %","1469",".157",".308","8.6 %","15.4 %","66.3","5984","157"
"Vernon Wells","Blue Jays","26.2 %","71.9 %","49.2 %","60.4 %","89.8 %","82.1 %","50.4 %","58.7 %","8.8 %","1506",".197",".287","6.8 %","12.7 %","59.9","5871","1326"
"David DeJesus","Royals","20.4 %","59.1 %","39.9 %","74.1 %","94.5 %","89.4 %","50.5 %","58.2 %","4.2 %","971",".137",".322","8.3 %","12.9 %","35.1","3799","1825"
"Jay Bruce","Reds","28.4 %","73.7 %","48.2 %","52.1 %","84.4 %","73.7 %","43.7 %","57.9 %","12.6 %","325",".217",".290","9.1 %","22.7 %","13.2","1412","9892"
"Alex Ochoa","- - -","14.6 %","72.3 %","46.0 %","45.0 %","86.8 %","80.7 %","54.3 %","17.2 %","8.8 %","298",".164",".299","9.3 %","11.6 %","2.6","1193","700"
"Michael Young","Rangers","21.9 %","69.6 %","47.0 %","60.9 %","89.0 %","82.8 %","52.6 %","55.5 %","8.1 %","1848",".148",".335","6.7 %","15.0 %","37.3","6707","1286"
"Kosuke Fukudome","Cubs","18.8 %","61.1 %","38.9 %","60.3 %","89.3 %","81.9 %","47.4 %","56.5 %","7.0 %","352",".151",".301","14.7 %","17.4 %","10.0","1622","3263"
"Junior Spivey","- - -","18.4 %","69.5 %","45.0 %","41.8 %","84.1 %","75.8 %","52.1 %","50.3 %","10.8 %","419",".166",".324","9.8 %","20.9 %","10.4","1785","74"
"Olmedo Saenz","- - -","22.9 %","65.8 %","45.2 %","44.3 %","85.1 %","75.2 %","52.0 %","37.5 %","11.2 %","366",".202",".290","8.0 %","19.2 %","18.2","1582","937"
"Jeffrey Hammonds","- - -","18.3 %","73.9 %","47.2 %","54.4 %","84.6 %","78.9 %","51.9 %","32.1 %","9.9 %","369",".166",".314","9.4 %","17.5 %","-4.9","1514","687"
"Ron Gant","- - -","14.4 %","72.7 %","44.3 %","46.8 %","79.2 %","74.1 %","51.3 %","17.6 %","11.5 %","258",".219",".272","11.0 %","20.3 %","4.8","1176","1032"
"Jason Kubel","Twins","24.7 %","65.8 %","44.2 %","63.3 %","87.3 %","80.2 %","47.4 %","55.6 %","8.7 %","594",".192",".299","8.9 %","18.2 %","28.6","2445","2161"
"Matt Murton","- - -","21.8 %","68.0 %","45.6 %","62.0 %","87.8 %","81.8 %","51.6 %","57.4 %","8.3 %","272",".150",".312","8.8 %","14.1 %","1.8","1058","6307"
"Daric Barton","Athletics","15.6 %","60.7 %","37.5 %","76.7 %","88.6 %","86.0 %","48.5 %","57.2 %","5.2 %","321",".139",".300","14.2 %","16.0 %","22.7","1485","5928"
"Edwin Encarnacion","- - -","24.9 %","69.0 %","46.4 %","59.6 %","88.3 %","80.4 %","48.8 %","58.8 %","9.0 %","580",".196",".280","8.9 %","17.8 %","13.2","2548","2151"
"Michael Cuddyer","Twins","27.2 %","63.1 %","44.6 %","58.6 %","88.2 %","78.9 %","48.5 %","57.6 %","9.4 %","956",".180",".305","9.1 %","17.9 %","43.3","3971","1534"
"Charles Johnson","- - -","22.8 %","76.4 %","49.2 %","42.7 %","79.1 %","70.5 %","49.2 %","31.8 %","14.4 %","461",".210",".294","10.9 %","23.3 %","4.1","2085","523"
"Brad Wilkerson","- - -","17.7 %","62.8 %","40.1 %","58.3 %","78.9 %","74.3 %","49.6 %","53.4 %","10.2 %","788",".193",".311","13.1 %","25.2 %","22.5","3753","804"
"Ryan Garko","- - -","24.9 %","67.1 %","46.2 %","65.9 %","88.3 %","82.4 %","50.5 %","59.0 %","8.1 %","427",".159",".300","7.1 %","15.5 %","17.9","1752","6319"
"Carl Everett","- - -","25.9 %","75.6 %","51.4 %","50.7 %","83.0 %","75.1 %","51.3 %","41.6 %","12.7 %","771",".197",".290","7.8 %","17.9 %","17.6","3230","1249"
"Marcus Giles","- - -","19.5 %","75.8 %","49.4 %","57.5 %","85.2 %","80.1 %","53.1 %","55.5 %","9.8 %","813",".152",".313","9.5 %","15.7 %","28.2","3340","89"
"Conor Jackson","- - -","18.8 %","60.8 %","39.6 %","68.6 %","93.3 %","87.4 %","49.7 %","55.6 %","5.0 %","505",".144",".293","10.5 %","11.4 %","1.4","2095","5997"
"Todd Walker","- - -","17.4 %","70.2 %","46.3 %","68.6 %","92.0 %","88.0 %","54.7 %","42.9 %","5.5 %","943",".152",".303","8.5 %","10.5 %","4.1","3628","359"
"Hee Seop Choi","- - -","17.9 %","72.2 %","44.8 %","40.0 %","80.1 %","72.0 %","49.6 %","56.7 %","12.5 %","220",".197",".290","13.0 %","24.1 %","10.7","1086","270"
"Marcus Thames","- - -","26.6 %","75.3 %","50.9 %","54.9 %","80.3 %","73.7 %","49.9 %","60.0 %","13.4 %","437",".242",".277","8.0 %","25.4 %","14.5","1946","1523"
"Adam Lind","Blue Jays","29.9 %","66.6 %","47.6 %","67.1 %","87.5 %","80.9 %","48.2 %","59.0 %","9.1 %","497",".202",".303","6.7 %","19.6 %","18.1","1992","8027"
"Steve Finley","- - -","18.7 %","63.6 %","42.5 %","62.0 %","89.6 %","83.9 %","53.1 %","39.8 %","6.8 %","962",".195",".274","9.2 %","13.1 %","6.8","4059","54"
"Edgardo Alfonzo","- - -","19.1 %","69.6 %","46.1 %","66.9 %","90.8 %","86.2 %","53.5 %","38.0 %","6.3 %","834",".142",".286","10.2 %","9.0 %","28.6","3390","859"
"Brian Daubach","- - -","19.1 %","70.6 %","44.9 %","41.3 %","84.7 %","75.5 %","50.0 %","26.7 %","10.9 %","410",".206",".299","10.7 %","23.8 %","7.5","1866","186"
"Bobby Higginson","Tigers","14.9 %","65.1 %","40.2 %","72.5 %","90.8 %","87.4 %","50.3 %","30.9 %","5.1 %","676",".166",".282","11.2 %","12.8 %","31.2","2909","469"
"Austin Kearns","- - -","18.7 %","68.7 %","43.6 %","49.9 %","83.8 %","76.5 %","49.8 %","56.7 %","10.2 %","843",".166",".305","11.3 %","21.0 %","26.2","3799","332"
"Ivan Rodriguez","- - -","35.0 %","77.5 %","56.8 %","61.5 %","85.9 %","78.6 %","51.3 %","52.3 %","12.1 %","1484",".171",".328","5.0 %","16.3 %","38.8","5370","1275"
"Doug Mientkiewicz","- - -","16.5 %","64.4 %","41.0 %","62.9 %","94.3 %","88.2 %","51.2 %","43.6 %","4.8 %","819",".138",".301","11.4 %","12.2 %","24.9","3436","741"
"Jonny Gomes","- - -","27.7 %","67.5 %","46.5 %","48.3 %","82.1 %","71.5 %","47.4 %","60.4 %","13.2 %","508",".214",".297","9.2 %","26.4 %","20.4","2355","1845"
"Preston Wilson","- - -","24.9 %","71.8 %","49.4 %","46.7 %","81.9 %","73.4 %","52.3 %","42.0 %","13.1 %","912",".204",".310","7.8 %","23.7 %","5.9","3833","545"
"Adrian Beltre","- - -","31.0 %","70.6 %","50.8 %","61.2 %","86.9 %","79.1 %","50.0 %","48.0 %","10.5 %","1699",".191",".294","6.6 %","15.3 %","71.1","6690","639"
"Yunel Escobar","- - -","21.3 %","68.7 %","44.8 %","63.6 %","92.5 %","85.5 %","49.5 %","58.6 %","6.4 %","537",".108",".314","9.4 %","10.6 %","17.1","2113","4191"
"Colby Rasmus","Cardinals","26.6 %","72.3 %","47.6 %","53.8 %","87.2 %","77.1 %","45.9 %","59.5 %","10.7 %","247",".189",".314","9.4 %","23.1 %","12.3","1054","9893"
"Brian Roberts","Orioles","19.2 %","65.0 %","43.1 %","74.8 %","93.0 %","89.1 %","52.1 %","54.3 %","4.7 %","1338",".136",".317","10.0 %","13.3 %","34.3","5357","166"
"Cody Ross","- - -","27.9 %","65.9 %","46.5 %","60.1 %","84.8 %","77.2 %","49.1 %","57.7 %","10.6 %","539",".200",".306","6.7 %","21.4 %","12.9","2222","1760"
"Hank Blalock","- - -","24.6 %","73.9 %","48.7 %","51.0 %","86.0 %","76.9 %","48.8 %","56.3 %","11.2 %","959",".194",".296","8.0 %","18.3 %","1.0","3928","1419"
"Juan Rivera","- - -","26.2 %","70.1 %","47.8 %","66.1 %","91.5 %","84.4 %","49.2 %","58.5 %","7.4 %","754",".181",".283","6.6 %","11.5 %","23.6","2927","843"
"James Loney","Dodgers","25.3 %","63.2 %","43.6 %","73.5 %","93.3 %","87.4 %","48.3 %","55.0 %","5.4 %","634",".149",".311","8.3 %","12.6 %","23.8","2437","4556"
"Kenny Lofton","- - -","13.2 %","66.9 %","42.0 %","71.1 %","93.8 %","90.5 %","53.5 %","40.7 %","4.1 %","1072",".129",".306","9.6 %","10.1 %","14.0","4237","246"
"Denard Span","Twins","17.8 %","60.2 %","39.5 %","74.2 %","94.9 %","90.4 %","51.0 %","58.9 %","3.8 %","448",".104",".326","10.0 %","12.4 %","15.8","1792","8347"
"Scott Hatteberg","- - -","13.4 %","57.3 %","35.4 %","67.2 %","95.2 %","89.9 %","50.2 %","45.1 %","3.6 %","932",".133",".282","11.6 %","9.1 %","18.3","3956","916"
"Jeromy Burnitz","- - -","23.4 %","75.4 %","49.5 %","46.4 %","79.9 %","72.1 %","50.2 %","38.6 %","13.7 %","867",".219",".266","10.2 %","20.6 %","3.5","4012","867"
"Mike Lieberthal","- - -","21.3 %","73.2 %","48.8 %","57.3 %","91.0 %","84.1 %","52.9 %","46.0 %","7.7 %","735",".161",".289","7.2 %","11.0 %","6.6","2949","959"
"Tino Martinez","- - -","18.1 %","66.4 %","43.2 %","53.4 %","90.3 %","82.9 %","52.0 %","34.1 %","7.3 %","769",".185",".271","9.4 %","13.2 %","18.7","3276","1168"
"Ben Francisco","- - -","24.2 %","62.5 %","43.4 %","54.5 %","90.1 %","80.2 %","50.2 %","55.7 %","8.6 %","288",".182",".296","7.8 %","18.3 %","8.2","1221","4677"
"Tony Clark","- - -","25.1 %","73.0 %","48.9 %","41.1 %","78.5 %","68.8 %","49.7 %","42.2 %","15.1 %","585",".217",".290","10.2 %","24.5 %","9.5","2637","182"
"Shane Victorino","- - -","28.1 %","60.3 %","44.3 %","75.2 %","93.2 %","87.5 %","50.4 %","58.2 %","5.5 %","763",".149",".301","7.4 %","11.7 %","7.4","3043","1677"
"Casey Blake","- - -","20.9 %","59.6 %","40.9 %","61.2 %","88.4 %","81.6 %","51.5 %","56.6 %","7.5 %","1125",".181",".305","8.7 %","20.4 %","39.9","4811","719"
"Ian Stewart","Rockies","26.4 %","66.2 %","45.0 %","51.6 %","81.2 %","71.9 %","46.7 %","56.8 %","12.6 %","274",".206",".306","10.3 %","28.0 %","-9.1","1282","5950"
"Carl Crawford","Devil Rays","30.5 %","72.8 %","52.7 %","64.9 %","88.6 %","82.1 %","52.4 %","63.0 %","9.4 %","1480",".148",".331","5.4 %","14.2 %","43.6","5395","1201"
"Fred Lewis","- - -","21.3 %","66.1 %","44.0 %","62.7 %","86.0 %","80.4 %","50.6 %","56.6 %","8.5 %","370",".146",".348","9.4 %","22.7 %","8.4","1528","4693"
"Wilson Betemit","- - -","24.7 %","66.0 %","44.8 %","51.6 %","84.1 %","74.9 %","48.6 %","57.1 %","11.1 %","377",".182",".331","9.4 %","25.2 %","6.9","1590","1861"
"Aaron Rowand","- - -","28.7 %","72.6 %","51.1 %","51.6 %","86.8 %","77.1 %","51.1 %","58.8 %","11.7 %","1116",".166",".317","5.6 %","18.6 %","12.6","4466","254"
"Jason Varitek","Red Sox","23.0 %","66.2 %","44.7 %","52.9 %","83.6 %","75.8 %","50.2 %","47.0 %","10.7 %","1071",".175",".302","11.0 %","21.2 %","1.7","4797","217"
"Nate McLouth","- - -","21.3 %","58.8 %","40.0 %","70.1 %","91.3 %","85.6 %","49.7 %","55.7 %","5.7 %","517",".186",".277","9.6 %","17.1 %","10.4","2363","3190"
"Marty Cordova","- - -","18.3 %","70.0 %","46.0 %","36.0 %","81.6 %","73.2 %","53.6 %","27.9 %","12.3 %","295",".173",".305","7.9 %","19.1 %","6.2","1215","132"
"Mark Quinn","Royals","24.8 %","69.1 %","50.0 %","35.5 %","84.2 %","73.8 %","56.9 %","5.2 %","13.1 %","287",".188",".303","4.7 %","15.9 %","-9.0","1101","621"
"Ben Zobrist","Devil Rays","22.0 %","57.8 %","38.8 %","69.3 %","90.0 %","83.8 %","47.1 %","55.3 %","6.2 %","384",".168",".278","12.4 %","16.5 %","17.1","1784","7435"
"Russell Martin","Dodgers","19.4 %","62.5 %","40.7 %","60.6 %","89.9 %","82.8 %","49.5 %","54.7 %","6.9 %","638",".124",".302","11.8 %","13.6 %","15.4","2713","4616"
"Jose Cruz","- - -","17.9 %","70.4 %","43.9 %","51.1 %","82.3 %","75.9 %","49.6 %","38.7 %","10.5 %","896",".198",".279","11.9 %","20.1 %","6.5","4179","1296"
"Orlando Hudson","- - -","18.7 %","67.2 %","43.2 %","66.2 %","89.3 %","84.3 %","50.5 %","55.7 %","6.7 %","1168",".143",".316","8.9 %","14.8 %","2.6","4676","1307"
"Todd Hollandsworth","- - -","26.1 %","76.3 %","52.6 %","44.9 %","84.7 %","75.4 %","52.9 %","40.5 %","12.8 %","514",".182",".319","7.8 %","20.2 %","-12.9","2060","433"
"Xavier Nady","- - -","28.9 %","72.2 %","51.0 %","55.2 %","86.4 %","77.8 %","51.0 %","60.3 %","11.3 %","713",".168",".316","5.7 %","19.0 %","14.9","2810","1658"
"Herbert Perry","- - -","20.9 %","74.3 %","50.8 %","56.5 %","88.3 %","82.6 %","56.0 %","28.9 %","8.8 %","355",".172",".295","6.6 %","15.1 %","-4.1","1439","1270"
"Robin Ventura","- - -","15.1 %","67.0 %","40.8 %","44.4 %","84.7 %","77.2 %","49.6 %","28.8 %","9.2 %","464",".185",".258","14.5 %","17.9 %","10.5","2290","854"
"Julio Franco","- - -","19.4 %","68.3 %","45.4 %","51.6 %","84.7 %","78.1 %","53.2 %","52.5 %","9.9 %","409",".127",".350","10.1 %","20.7 %","4.8","1618","87"
"Eric Hinske","- - -","22.3 %","69.5 %","45.5 %","48.8 %","85.1 %","76.0 %","49.2 %","56.5 %","10.9 %","857",".185",".298","10.6 %","21.3 %","7.8","3841","1305"
"Chad Tracy","- - -","24.1 %","62.0 %","43.5 %","64.6 %","92.4 %","84.9 %","51.2 %","55.3 %","6.5 %","690",".167",".306","7.9 %","15.8 %","-12.7","2747","1888"
"Alex Rios","- - -","24.0 %","65.7 %","45.5 %","60.4 %","90.6 %","82.9 %","51.6 %","58.0 %","7.8 %","1065",".165",".317","6.5 %","16.7 %","9.2","4125","2090"
"Jose Guillen","- - -","27.8 %","72.3 %","50.4 %","58.3 %","86.7 %","79.0 %","50.8 %","53.2 %","10.6 %","1232",".180",".298","5.3 %","17.3 %","19.8","4969","57"
"Garrett Jones","- - -","29.9 %","70.2 %","47.1 %","65.9 %","85.6 %","78.4 %","42.7 %","55.0 %","10.0 %","254",".198",".287","9.0 %","20.0 %","9.7","1096","2714"
"Stephen Drew","Diamondbacks","24.3 %","66.7 %","44.8 %","59.2 %","91.0 %","82.1 %","48.3 %","55.2 %","8.0 %","669",".176",".307","8.3 %","16.6 %","-12.2","2736","4251"
"Rondell White","- - -","28.6 %","69.2 %","48.9 %","59.2 %","87.9 %","79.6 %","50.1 %","46.0 %","10.0 %","800",".173",".300","6.0 %","15.8 %","13.2","3153","856"
"Raul Mondesi","- - -","21.3 %","71.7 %","46.3 %","46.7 %","85.2 %","76.3 %","49.7 %","33.6 %","10.9 %","585",".205",".270","9.4 %","17.9 %","2.3","2604","1314"
"David Dellucci","- - -","17.7 %","66.7 %","42.7 %","43.3 %","82.9 %","74.9 %","51.0 %","50.1 %","10.7 %","579",".190",".291","10.3 %","21.8 %","-3.6","2658","1402"
"Placido Polanco","- - -","22.0 %","64.5 %","44.8 %","77.0 %","96.3 %","91.9 %","53.7 %","48.7 %","3.6 %","1746",".110",".313","5.2 %","6.5 %","11.7","6258","1176"
"Jose Valentin","- - -","19.0 %","71.1 %","46.3 %","48.5 %","84.3 %","77.3 %","52.3 %","37.2 %","10.5 %","771",".221",".268","9.4 %","20.0 %","-1.1","3549","256"
"Mike Jacobs","- - -","27.6 %","74.0 %","50.5 %","50.7 %","84.3 %","75.0 %","49.4 %","59.2 %","12.5 %","489",".221",".287","7.8 %","23.0 %","0.8","2117","2231"
"Rafael Furcal","- - -","18.0 %","62.3 %","41.4 %","72.0 %","92.4 %","88.2 %","52.8 %","49.1 %","4.9 %","1608",".126",".317","9.0 %","12.8 %","13.3","6300","88"
"Travis Fryman","Indians","16.0 %","68.2 %","43.2 %","52.2 %","85.0 %","79.2 %","52.1 %","17.7 %","9.0 %","358",".145",".314","9.7 %","17.5 %","-2.4","1467","385"
"Melvin Upton Jr.","Devil Rays","19.0 %","66.0 %","42.8 %","55.1 %","81.9 %","76.1 %","50.7 %","61.1 %","10.2 %","633",".153",".334","11.3 %","24.7 %","19.0","2790","5015"
"Randy Winn","- - -","21.7 %","69.2 %","46.6 %","62.6 %","89.2 %","83.3 %","52.4 %","52.2 %","7.7 %","1584",".136",".320","7.8 %","14.2 %","21.1","6175","1235"
"Dexter Fowler","Rockies","19.5 %","65.0 %","41.5 %","61.7 %","86.7 %","80.7 %","48.5 %","57.9 %","8.0 %","233",".141",".335","11.8 %","21.4 %","-9.9","1050","4062"
"Miguel Montero","Diamondbacks","29.5 %","72.7 %","49.6 %","69.2 %","85.9 %","80.6 %","46.5 %","56.0 %","9.5 %","303",".176",".302","8.4 %","18.6 %","-5.9","1269","3364"
"Craig Biggio","Astros","25.8 %","71.1 %","50.2 %","48.0 %","87.7 %","78.4 %","54.0 %","46.2 %","10.9 %","1192",".163",".293","7.4 %","15.4 %","-13.8","5068","549"
"Jeff Baker","- - -","26.1 %","72.0 %","49.5 %","54.0 %","83.7 %","76.1 %","51.2 %","60.5 %","11.8 %","262",".176",".334","7.4 %","23.8 %","-6.6","1065","2073"
"Mark Loretta","- - -","18.0 %","64.2 %","43.1 %","73.9 %","93.9 %","90.1 %","54.3 %","49.1 %","4.3 %","1230",".101",".314","8.4 %","8.9 %","11.2","4695","1383"
"Bubba Trammell","- - -","17.0 %","73.4 %","46.0 %","42.4 %","85.1 %","77.4 %","51.5 %","21.7 %","10.4 %","302",".186",".265","10.1 %","15.4 %","7.3","1350","1057"
"Kevin Mench","- - -","22.9 %","66.4 %","45.8 %","62.1 %","89.3 %","82.9 %","52.6 %","57.3 %","7.8 %","632",".188",".277","7.0 %","12.9 %","-8.2","2597","1261"
"Greg Vaughn","- - -","17.8 %","73.5 %","44.8 %","46.9 %","73.1 %","67.7 %","48.5 %","13.3 %","14.4 %","278",".211",".260","13.8 %","24.3 %","-1.7","1450","1233"
"Angel Pagan","- - -","26.0 %","62.3 %","43.6 %","74.5 %","92.2 %","86.8 %","48.5 %","55.9 %","5.7 %","379",".150",".325","7.2 %","15.8 %","5.8","1462","2918"
"Marlon Byrd","- - -","27.0 %","68.7 %","48.4 %","57.9 %","88.2 %","80.0 %","51.5 %","61.9 %","9.7 %","914",".141",".325","6.8 %","17.0 %","-2.9","3599","950"
"Ryan Church","- - -","27.3 %","66.5 %","46.0 %","50.6 %","87.0 %","75.7 %","47.6 %","56.3 %","11.1 %","500",".167",".319","8.8 %","21.6 %","7.5","2128","2106"
"Ty Wigginton","- - -","25.7 %","74.5 %","50.4 %","52.7 %","85.1 %","77.0 %","50.6 %","60.9 %","11.6 %","990",".179",".293","7.1 %","17.3 %","6.9","4080","1491"
"Ryan Doumit","Pirates","29.6 %","68.0 %","47.2 %","60.8 %","87.9 %","78.7 %","45.9 %","55.4 %","10.0 %","468",".170",".300","6.8 %","17.5 %","5.2","1939","2113"
"Dan Johnson","- - -","16.4 %","57.9 %","37.0 %","62.2 %","90.7 %","84.3 %","49.7 %","54.7 %","5.8 %","295",".176",".250","13.3 %","14.6 %","7.6","1429","2167"
"Garret Anderson","- - -","29.9 %","68.7 %","50.0 %","59.4 %","90.0 %","81.2 %","51.7 %","45.8 %","9.3 %","1671",".181",".304","4.7 %","13.7 %","15.3","6142","2"
"Mark DeRosa","- - -","20.6 %","68.6 %","45.4 %","53.1 %","88.0 %","80.3 %","51.7 %","55.2 %","8.9 %","886",".147",".309","8.4 %","17.0 %","-10.6","3649","1392"
"Paul O'Neill","Yankees","","","","","","","","","","296",".165",".285","8.3 %","12.5 %","-1.4","1191","1009818"
"Rich Aurilia","- - -","21.9 %","67.7 %","45.9 %","59.2 %","88.2 %","81.6 %","52.4 %","42.9 %","8.4 %","1196",".163",".297","7.2 %","14.0 %","4.2","4724","1106"
"Jeff Conine","- - -","17.3 %","66.3 %","43.3 %","61.8 %","91.4 %","85.8 %","53.0 %","43.6 %","6.1 %","1009",".147",".302","8.2 %","12.6 %","8.7","3981","131"
"Randy Velarde","- - -","11.9 %","62.3 %","39.9 %","34.4 %","81.0 %","74.8 %","55.5 %","8.1 %","10.0 %","260",".128",".326","9.4 %","19.5 %","-3.6","1090","942"
"Frank Menechino","- - -","13.2 %","57.0 %","35.1 %","62.8 %","90.7 %","85.4 %","49.9 %","26.7 %","5.1 %","300",".144",".279","13.3 %","18.3 %","2.8","1501","931"
"Steve Cox","Devil Rays","20.2 %","75.9 %","48.3 %","50.2 %","84.7 %","77.5 %","50.5 %","26.5 %","10.8 %","320",".157",".295","9.3 %","17.2 %","0.2","1380","1200"
"Greg Norton","- - -","17.0 %","68.1 %","43.0 %","47.4 %","83.3 %","76.3 %","50.9 %","41.9 %","10.1 %","404",".170",".298","11.9 %","22.6 %","-16.3","1860","1388"
"Ben Broussard","- - -","23.6 %","70.8 %","48.2 %","48.7 %","86.6 %","77.7 %","52.0 %","59.4 %","10.7 %","561",".188",".297","7.3 %","19.8 %","6.9","2357","312"
"Jose Reyes","Mets","25.7 %","62.3 %","44.8 %","69.9 %","92.4 %","86.2 %","52.1 %","59.8 %","6.2 %","1119",".148",".308","6.8 %","11.0 %","7.3","4254","1736"
"Danny Bautista","- - -","23.4 %","70.4 %","48.2 %","64.0 %","89.3 %","83.5 %","52.8 %","39.4 %","7.9 %","449",".142",".315","6.3 %","12.9 %","-15.5","1689","47"
"Kelly Shoppach","- - -","27.0 %","70.9 %","48.6 %","37.0 %","74.1 %","63.7 %","49.2 %","65.1 %","17.6 %","250",".199",".328","8.8 %","33.3 %","3.2","1230","3867"
"Jacque Jones","- - -","28.7 %","76.8 %","52.2 %","48.2 %","82.4 %","72.8 %","49.0 %","45.8 %","14.1 %","1179",".172",".314","6.4 %","19.1 %","-17.4","4646","735"
"Bobby Kielty","- - -","17.7 %","64.9 %","41.0 %","49.5 %","84.9 %","77.2 %","49.5 %","53.0 %","9.3 %","456",".154",".291","11.8 %","17.9 %","1.2","2084","736"
"Barry Larkin","Reds","16.7 %","69.9 %","45.7 %","64.1 %","90.1 %","85.8 %","54.5 %","36.7 %","6.5 %","456",".132",".295","9.5 %","9.9 %","-11.7","1850","335"
"Jason Michaels","- - -","19.0 %","64.4 %","42.4 %","54.6 %","87.0 %","79.9 %","51.5 %","57.6 %","8.5 %","582",".148",".313","9.4 %","18.9 %","-2.9","2460","1399"
"Todd Pratt","- - -","18.6 %","67.3 %","43.3 %","37.2 %","77.7 %","69.1 %","50.6 %","38.5 %","13.2 %","248",".151",".312","12.7 %","24.3 %","-3.0","1191","968"
"Matthew LeCroy","- - -","23.8 %","73.3 %","48.9 %","46.2 %","81.0 %","72.7 %","50.7 %","48.7 %","13.3 %","361",".180",".299","8.0 %","21.6 %","-3.2","1539","1456"
"Edgar Renteria","- - -","20.7 %","68.4 %","45.9 %","66.5 %","89.3 %","84.5 %","52.9 %","48.1 %","7.1 %","1641",".123",".315","8.1 %","12.3 %","-11.9","6338","1178"
"Lew Ford","Twins","23.4 %","61.3 %","42.1 %","67.3 %","91.7 %","84.8 %","49.4 %","58.8 %","6.4 %","412",".129",".302","8.6 %","13.8 %","-0.3","1716","1724"
"Jason Lane","- - -","22.9 %","73.1 %","48.6 %","52.0 %","84.1 %","76.7 %","51.2 %","58.5 %","11.3 %","291",".216",".254","9.0 %","18.9 %","-4.4","1363","1397"
"Tyler Houston","- - -","23.6 %","74.2 %","50.4 %","40.7 %","84.8 %","75.0 %","52.9 %","26.6 %","12.5 %","256",".183",".318","5.6 %","21.3 %","-4.4","1009","689"
"Esteban German","- - -","15.9 %","58.5 %","38.6 %","60.8 %","91.3 %","85.5 %","53.4 %","58.6 %","5.6 %","279",".103",".333","10.0 %","16.1 %","-3.5","1157","1449"
"Michael Tucker","- - -","16.4 %","69.2 %","44.2 %","43.8 %","83.8 %","76.8 %","52.6 %","41.5 %","10.3 %","596",".167",".295","11.1 %","19.4 %","-14.9","2732","635"
"Gregg Zaun","- - -","16.9 %","63.9 %","41.3 %","67.3 %","91.5 %","86.7 %","51.9 %","47.5 %","5.5 %","695",".143",".278","12.0 %","13.8 %","-15.5","3146","580"
"Jeff DaVanon","- - -","16.0 %","65.7 %","41.5 %","58.4 %","88.4 %","82.8 %","51.3 %","55.4 %","7.2 %","329",".140",".299","12.3 %","17.6 %","-0.5","1483","1440"
"Fernando Tatis","- - -","26.0 %","70.1 %","47.8 %","54.5 %","83.9 %","75.8 %","49.4 %","41.8 %","11.5 %","443",".169",".295","9.4 %","20.7 %","-7.8","2009","798"
"Brady Clark","- - -","17.6 %","62.7 %","41.5 %","66.4 %","91.9 %","86.8 %","53.0 %","54.4 %","5.5 %","559",".109",".300","9.0 %","10.9 %","-9.6","2322","1398"
"Jorge Cantu","- - -","30.9 %","70.6 %","50.5 %","61.8 %","88.2 %","80.0 %","49.4 %","58.4 %","10.0 %","819",".172",".301","5.6 %","16.4 %","-4.7","3240","2521"
"Todd Zeile","- - -","12.6 %","53.2 %","34.2 %","60.7 %","88.7 %","83.8 %","53.1 %","30.0 %","5.5 %","574",".149",".286","11.4 %","16.3 %","-18.0","2552","457"
"Luis Castillo","- - -","13.0 %","54.6 %","35.2 %","78.2 %","95.7 %","92.7 %","53.5 %","45.3 %","2.6 %","1605",".062",".328","10.7 %","10.1 %","1.4","6260","513"
"Mark Kotsay","- - -","21.0 %","72.6 %","47.8 %","68.3 %","90.7 %","86.0 %","52.0 %","46.7 %","6.7 %","1349",".135",".299","8.3 %","10.8 %","1.5","5313","1042"
"Jacoby Ellsbury","Red Sox","24.9 %","58.7 %","42.2 %","73.7 %","94.8 %","88.7 %","51.3 %","59.8 %","4.7 %","399",".114",".320","6.7 %","11.8 %","-10.5","1513","4727"
"David Ross","- - -","21.6 %","71.8 %","47.0 %","44.6 %","79.0 %","71.1 %","50.6 %","60.0 %","13.4 %","320",".213",".275","11.0 %","25.5 %","-7.2","1603","1551"
"Jimmy Rollins","Phillies","19.9 %","63.6 %","42.7 %","67.3 %","93.1 %","87.3 %","52.0 %","50.3 %","5.4 %","1714",".163",".290","7.4 %","11.5 %","-30.5","6906","971"
"Joe Randa","- - -","17.7 %","65.3 %","43.0 %","67.2 %","91.3 %","86.7 %","53.2 %","38.8 %","5.7 %","981",".144",".300","6.9 %","11.9 %","-34.8","3859","623"
"Jeremy Hermida","- - -","23.7 %","61.9 %","42.5 %","53.9 %","88.4 %","78.7 %","49.2 %","57.4 %","9.0 %","500",".158",".314","9.5 %","22.3 %","-8.0","2168","7208"
"Mark Bellhorn","- - -","15.1 %","65.0 %","39.8 %","41.8 %","78.5 %","71.5 %","49.5 %","53.2 %","11.3 %","432",".169",".315","14.0 %","29.3 %","-7.6","2214","264"
"Rocco Baldelli","- - -","28.3 %","69.1 %","49.4 %","50.8 %","85.5 %","76.0 %","51.8 %","60.2 %","11.9 %","531",".165",".319","4.9 %","18.8 %","-3.9","2065","1656"
"Chris Young","Diamondbacks","20.5 %","58.8 %","39.5 %","53.7 %","84.8 %","76.7 %","49.6 %","57.4 %","9.2 %","549",".201",".281","9.5 %","23.2 %","-24.7","2566","3882"
"Delino DeShields","- - -","11.5 %","64.0 %","39.1 %","51.4 %","81.6 %","77.4 %","52.5 %","7.5 %","8.8 %","276",".134",".302","12.1 %","16.0 %","-5.0","1234","275"
"Chone Figgins","- - -","16.3 %","61.3 %","39.9 %","66.9 %","91.2 %","86.5 %","52.5 %","57.8 %","5.4 %","1201",".090",".337","10.2 %","15.2 %","4.1","4777","1580"
"Reed Johnson","- - -","28.0 %","62.0 %","46.2 %","61.2 %","88.1 %","80.5 %","53.4 %","58.9 %","9.0 %","781",".127",".328","5.1 %","17.2 %","-15.6","3077","1702"
"Jeff Cirillo","- - -","18.0 %","68.4 %","45.8 %","53.8 %","92.2 %","85.4 %","55.1 %","33.8 %","6.8 %","734",".120",".305","8.0 %","11.0 %","-44.7","2918","1073"
"Asdrubal Cabrera","Indians","24.8 %","65.3 %","45.4 %","70.6 %","90.7 %","85.3 %","50.8 %","60.0 %","6.7 %","402",".110",".332","8.2 %","15.8 %","1.3","1610","4962"
"Chris Richard","- - -","20.2 %","69.8 %","44.8 %","50.6 %","86.1 %","78.0 %","49.5 %","11.6 %","9.8 %","229",".190",".282","8.1 %","18.2 %","0.0","1006","163"
"Scott Spiezio","- - -","18.9 %","71.4 %","45.7 %","61.1 %","90.3 %","84.4 %","51.1 %","42.7 %","7.1 %","691",".169",".275","9.6 %","13.9 %","-6.2","3044","37"
"Delmon Young","- - -","39.0 %","81.6 %","59.9 %","58.4 %","85.7 %","76.6 %","49.1 %","64.2 %","13.9 %","675",".143",".333","4.1 %","17.4 %","-2.0","2464","2140"
"Mike Fontenot","- - -","24.5 %","65.2 %","44.1 %","66.9 %","87.6 %","81.7 %","48.2 %","57.0 %","8.0 %","296",".141",".316","8.8 %","17.7 %","-9.3","1229","3912"
"Jody Gerut","- - -","18.7 %","64.5 %","42.1 %","64.1 %","91.1 %","85.2 %","51.1 %","57.2 %","6.2 %","472",".172",".276","8.0 %","13.1 %","3.0","1992","1696"
"Lee Stevens","- - -","20.4 %","76.4 %","48.7 %","35.9 %","78.6 %","69.8 %","50.6 %","16.4 %","14.6 %","325",".201",".277","11.4 %","22.7 %","-15.2","1546","796"
"Matt Williams","Diamondbacks","18.2 %","77.9 %","48.7 %","38.1 %","83.1 %","74.8 %","51.0 %","17.5 %","12.2 %","303",".181",".285","6.4 %","15.3 %","-15.3","1227","77"
"Jay Gibbons","- - -","27.2 %","72.7 %","50.7 %","64.8 %","89.6 %","83.2 %","51.8 %","54.6 %","8.5 %","745",".194",".266","7.0 %","13.7 %","-0.4","3120","141"
"Eric Byrnes","- - -","25.0 %","67.2 %","46.5 %","67.1 %","89.0 %","83.2 %","51.0 %","58.9 %","7.8 %","827",".181",".279","7.1 %","15.2 %","-26.9","3531","905"
"Andres Torres","- - -","26.8 %","64.8 %","45.2 %","56.8 %","86.0 %","77.1 %","48.6 %","61.6 %","10.4 %","231",".179",".312","8.7 %","22.4 %","2.7","1025","1488"
"Chris Stynes","- - -","20.4 %","64.3 %","42.9 %","60.5 %","91.1 %","84.0 %","51.4 %","29.6 %","6.8 %","423",".141",".303","7.6 %","13.9 %","-21.8","1707","303"
"Aaron Hill","Blue Jays","23.2 %","68.3 %","46.7 %","61.6 %","91.5 %","84.4 %","52.2 %","58.9 %","7.3 %","792",".157",".288","6.7 %","13.2 %","-12.0","3213","6104"
"Keith Ginter","- - -","18.7 %","59.7 %","39.4 %","55.5 %","86.1 %","78.9 %","50.5 %","56.4 %","8.3 %","236",".179",".277","9.4 %","20.6 %","-5.4","1118","1500"
"Gabe Kapler","- - -","21.6 %","63.9 %","44.2 %","68.3 %","90.1 %","85.1 %","53.5 %","37.1 %","6.6 %","692",".145",".299","8.0 %","14.3 %","-26.7","2821","1256"
"Willy Aybar","- - -","21.5 %","62.8 %","41.4 %","71.5 %","91.1 %","85.8 %","48.1 %","56.3 %","5.8 %","315",".140",".285","10.2 %","14.8 %","0.4","1390","2192"
"Rick Ankiel","- - -","32.2 %","77.8 %","52.7 %","49.9 %","82.6 %","71.6 %","44.9 %","55.0 %","14.9 %","310",".195",".295","8.2 %","24.4 %","-3.7","1382","1142"
"Jhonny Peralta","- - -","24.8 %","70.0 %","47.1 %","53.8 %","85.4 %","76.9 %","49.3 %","56.9 %","10.8 %","961",".157",".313","8.6 %","21.1 %","-6.8","4071","1738"
"Ronnie Belliard","- - -","23.9 %","64.9 %","45.6 %","59.8 %","88.7 %","81.6 %","52.8 %","46.9 %","8.4 %","1241",".143",".301","8.3 %","14.5 %","-36.0","5105","677"
"Carlos Ruiz","Phillies","18.4 %","59.8 %","39.8 %","69.9 %","93.7 %","88.4 %","51.7 %","56.0 %","4.5 %","379",".136",".280","11.4 %","11.1 %","-11.7","1692","2579"
"Howie Kendrick","Angels","32.9 %","64.8 %","49.0 %","56.6 %","90.4 %","79.1 %","50.4 %","60.9 %","10.1 %","570",".131",".339","3.8 %","16.0 %","-1.7","2055","4229"
"Shea Hillenbrand","- - -","28.4 %","68.3 %","49.3 %","61.7 %","91.8 %","83.6 %","52.4 %","49.9 %","8.1 %","1014",".156",".299","3.7 %","12.2 %","-29.1","3816","196"
"Mike Aviles","Royals","31.6 %","67.8 %","50.1 %","72.8 %","90.8 %","85.3 %","51.3 %","65.6 %","7.3 %","287",".124",".328","4.1 %","13.1 %","-3.2","1016","5986"
"Freddy Sanchez","- - -","30.8 %","66.4 %","49.4 %","72.5 %","93.1 %","86.9 %","52.1 %","61.0 %","6.4 %","943",".116",".324","4.9 %","11.2 %","-13.9","3425","1624"
"Alexei Ramirez","White Sox","35.4 %","70.0 %","52.2 %","69.0 %","90.6 %","83.1 %","48.5 %","62.7 %","8.8 %","454",".147",".294","5.4 %","12.0 %","-12.9","1741","5133"
"Tadahito Iguchi","- - -","19.3 %","68.5 %","45.0 %","52.3 %","86.0 %","79.0 %","52.1 %","57.2 %","9.4 %","494",".133",".316","9.1 %","18.6 %","-14.4","2079","8581"
"Paul Lo Duca","- - -","19.8 %","66.3 %","45.1 %","77.1 %","94.1 %","90.7 %","54.4 %","48.5 %","4.2 %","1086",".123",".291","6.1 %","6.8 %","-7.9","4178","662"
"Brian Jordan","- - -","23.9 %","77.1 %","52.5 %","43.4 %","86.1 %","77.1 %","53.7 %","31.9 %","11.9 %","620",".161",".295","6.5 %","15.6 %","-15.1","2495","658"
"Aaron Boone","- - -","24.7 %","70.9 %","48.5 %","50.9 %","86.3 %","77.6 %","51.6 %","48.9 %","10.8 %","822",".166",".285","7.2 %","16.5 %","-26.3","3554","311"
"Adam Jones","- - -","36.3 %","71.2 %","53.2 %","59.9 %","83.3 %","75.1 %","48.4 %","62.8 %","13.2 %","457",".153",".321","4.9 %","20.2 %","-11.0","1801","6368"
"Ryan Freel","- - -","16.5 %","60.8 %","39.8 %","60.9 %","91.3 %","85.3 %","52.6 %","57.7 %","5.9 %","532",".101",".316","9.8 %","15.4 %","-24.0","2274","1207"
"Skip Schumaker","Cardinals","28.2 %","65.3 %","46.7 %","75.0 %","94.2 %","88.4 %","49.9 %","59.9 %","5.4 %","525",".092",".322","7.9 %","11.1 %","-3.7","1983","3704"
"Ramon Hernandez","- - -","21.5 %","66.9 %","45.1 %","65.3 %","89.6 %","84.0 %","52.0 %","47.4 %","7.2 %","1173",".154",".278","7.6 %","13.0 %","-23.1","4964","918"
"Juan Encarnacion","- - -","24.9 %","70.5 %","49.1 %","49.3 %","87.0 %","78.0 %","53.0 %","44.9 %","10.8 %","1073",".166",".296","6.1 %","16.0 %","-21.4","4344","320"
"Tony Graffanino","- - -","18.1 %","61.5 %","41.3 %","61.1 %","91.5 %","85.3 %","53.5 %","50.7 %","6.0 %","588",".125",".304","8.7 %","13.9 %","-22.5","2429","235"
"Mark Ellis","Athletics","21.9 %","59.8 %","42.1 %","65.2 %","92.3 %","85.7 %","53.2 %","60.0 %","6.0 %","968",".136",".293","8.3 %","13.4 %","-7.8","4063","1443"
"Jay Bell","- - -","16.0 %","55.9 %","37.0 %","43.1 %","84.1 %","75.7 %","52.6 %","8.1 %","9.0 %","286",".146",".274","11.9 %","15.8 %","-20.8","1356","48"
"Mark Teahen","- - -","27.2 %","68.2 %","47.8 %","56.3 %","85.9 %","77.5 %","50.2 %","58.3 %","10.7 %","727",".147",".328","8.1 %","21.2 %","-21.8","2994","4511"
"J.J. Hardy","- - -","22.2 %","55.2 %","39.3 %","65.7 %","91.1 %","84.2 %","51.9 %","55.9 %","6.2 %","634",".161",".281","8.1 %","14.3 %","-16.5","2673","3797"
"Jason Bartlett","- - -","23.0 %","63.8 %","44.2 %","62.7 %","92.1 %","84.8 %","52.0 %","60.5 %","6.7 %","702",".105",".322","7.7 %","14.2 %","-5.2","2801","8219"
"Eli Marrero","- - -","20.8 %","68.4 %","46.2 %","55.9 %","82.3 %","76.8 %","53.3 %","45.6 %","10.7 %","329",".192",".276","8.3 %","18.0 %","-10.2","1451","1166"
"Jay Payton","- - -","27.8 %","71.3 %","50.8 %","66.9 %","91.9 %","85.4 %","52.8 %","50.7 %","7.4 %","1148",".147",".291","5.7 %","11.1 %","-42.6","4458","890"
"Daryle Ward","- - -","25.9 %","69.6 %","47.8 %","57.9 %","87.3 %","79.3 %","50.2 %","44.0 %","9.7 %","546",".183",".284","7.9 %","16.9 %","-24.0","2297","579"
"Eric Young","- - -","13.9 %","62.7 %","40.0 %","67.8 %","94.1 %","89.8 %","53.5 %","32.6 %","4.1 %","772",".109",".287","8.7 %","7.0 %","-29.1","3180","716"
"Coco Crisp","- - -","19.7 %","63.7 %","43.1 %","65.2 %","91.2 %","85.6 %","53.2 %","60.3 %","6.2 %","941",".133",".306","7.6 %","13.3 %","-22.3","3779","1572"
"Travis Lee","- - -","19.2 %","71.1 %","46.2 %","53.3 %","87.0 %","80.3 %","52.0 %","37.6 %","9.0 %","718",".154",".287","10.5 %","16.8 %","-21.7","3167","958"
"Wily Mo Pena","- - -","32.4 %","76.4 %","53.0 %","34.2 %","76.9 %","63.1 %","46.9 %","66.8 %","19.5 %","402",".194",".325","6.1 %","30.1 %","-17.6","1725","344"
"Bill Hall","- - -","25.0 %","66.6 %","46.0 %","51.9 %","81.6 %","73.7 %","50.7 %","59.3 %","12.1 %","786",".193",".310","7.8 %","26.0 %","-29.0","3461","1605"
"B.J. Surhoff","- - -","22.9 %","68.3 %","46.4 %","71.0 %","92.6 %","87.5 %","51.8 %","29.9 %","5.8 %","588",".124",".300","7.0 %","9.7 %","-16.8","2256","117"
"Mark Sweeney","- - -","17.3 %","68.1 %","42.6 %","50.7 %","85.6 %","78.5 %","49.8 %","46.9 %","9.1 %","296",".148",".304","12.0 %","21.8 %","-15.7","1387","1408"
"D'Angelo Jimenez","- - -","12.7 %","59.7 %","36.6 %","69.4 %","92.2 %","88.3 %","51.0 %","46.4 %","4.3 %","560",".115",".304","11.7 %","15.8 %","-18.2","2457","1038"
"Dustan Mohr","- - -","22.2 %","72.3 %","47.6 %","42.2 %","80.0 %","71.3 %","50.8 %","55.7 %","13.6 %","340",".173",".312","9.2 %","25.6 %","-15.1","1537","744"
"Brandon Phillips","- - -","30.6 %","74.3 %","52.7 %","56.6 %","87.9 %","78.9 %","50.5 %","63.5 %","11.1 %","903",".163",".286","5.9 %","14.6 %","-40.8","3691","791"
"Fernando Vina","- - -","22.6 %","67.4 %","46.1 %","74.2 %","95.5 %","90.5 %","52.5 %","27.6 %","4.4 %","596",".096",".294","5.6 %","6.0 %","-20.8","2352","1189"
"Alex Gordon","Royals","23.7 %","69.4 %","45.8 %","53.1 %","84.8 %","76.3 %","48.3 %","60.6 %","10.8 %","352",".161",".294","9.9 %","22.0 %","-13.9","1642","5209"
"Mike Lamb","- - -","22.3 %","71.8 %","47.7 %","61.6 %","88.6 %","82.5 %","51.4 %","40.1 %","8.3 %","746",".139",".300","7.6 %","13.7 %","-38.7","2989","1258"
"Mark McLemore","- - -","11.4 %","61.5 %","36.3 %","53.4 %","87.3 %","82.0 %","49.8 %","26.5 %","6.6 %","460",".095",".303","13.7 %","15.5 %","-11.4","2119","1088"
"Gary Matthews Jr.","- - -","20.5 %","65.1 %","42.9 %","54.2 %","87.4 %","79.5 %","50.1 %","49.1 %","8.8 %","1048",".149",".299","9.7 %","18.4 %","-41.6","4572","153"
"A.J. Pierzynski","- - -","35.7 %","80.0 %","58.6 %","68.9 %","90.2 %","84.0 %","51.7 %","56.9 %","9.3 %","1370",".140",".301","4.0 %","11.3 %","-54.1","5172","746"
"Felipe Lopez","- - -","19.9 %","59.2 %","39.6 %","60.5 %","89.8 %","82.5 %","50.2 %","55.0 %","6.9 %","1116",".129",".316","9.3 %","18.6 %","-44.5","4711","1311"
"Rickey Henderson","- - -","10.4 %","58.8 %","34.8 %","48.6 %","88.6 %","82.7 %","50.5 %","13.2 %","6.0 %","239",".102",".270","16.9 %","17.2 %","-10.8","1290","194"
"Maicer Izturis","- - -","20.7 %","58.2 %","39.9 %","73.9 %","95.1 %","89.7 %","51.2 %","54.8 %","4.1 %","516",".115",".295","8.6 %","10.0 %","-14.2","2100","2437"
"Jeff Keppinger","- - -","19.4 %","58.6 %","39.7 %","79.8 %","96.4 %","92.5 %","51.8 %","57.6 %","2.9 %","477",".109",".288","7.6 %","6.3 %","-16.7","1887","3856"
"Akinori Iwamura","- - -","17.0 %","67.3 %","42.2 %","57.9 %","85.3 %","79.8 %","50.1 %","54.9 %","8.5 %","413",".107",".328","10.4 %","18.8 %","-8.2","1755","7781"
"Wil Cordero","- - -","23.9 %","67.9 %","45.3 %","55.7 %","85.4 %","77.3 %","48.6 %","29.0 %","10.2 %","387",".154",".294","7.7 %","17.0 %","-23.7","1639","770"
"Aaron Guiel","- - -","19.8 %","64.0 %","43.0 %","53.5 %","86.1 %","78.9 %","52.4 %","57.8 %","9.0 %","239",".168",".280","7.6 %","19.8 %","-14.8","1099","1503"
"Ryan Sweeney","- - -","24.7 %","62.1 %","43.2 %","76.7 %","93.0 %","88.3 %","49.3 %","56.2 %","5.0 %","358",".100",".324","7.7 %","13.5 %","-6.2","1382","6352"
"Chase Headley","Padres","24.3 %","66.8 %","44.3 %","55.1 %","86.5 %","77.4 %","47.1 %","58.5 %","10.0 %","396",".126",".332","9.0 %","22.7 %","4.2","1675","4720"
"Ross Gload","- - -","26.0 %","74.6 %","51.3 %","66.6 %","91.1 %","85.1 %","51.9 %","57.8 %","7.5 %","441",".131",".303","6.1 %","11.8 %","-19.7","1701","1538"
"Joe Crede","- - -","26.8 %","75.4 %","52.8 %","63.1 %","87.5 %","81.7 %","53.4 %","59.9 %","9.6 %","787",".190",".255","5.9 %","13.6 %","-40.8","3377","227"
"Marvin Benard","Giants","26.6 %","74.3 %","53.3 %","58.1 %","86.9 %","80.6 %","56.1 %","10.4 %","10.6 %","300",".144",".293","8.1 %","15.6 %","-13.5","1271","1382"
"Mark Grudzielanek","- - -","26.2 %","68.2 %","48.8 %","63.5 %","91.7 %","84.7 %","53.9 %","45.0 %","7.4 %","1277",".108",".324","5.1 %","12.8 %","-40.4","4751","653"
"Mike Bordick","- - -","16.7 %","61.9 %","41.0 %","62.8 %","90.2 %","85.0 %","53.8 %","27.6 %","6.1 %","402",".139",".293","7.9 %","15.2 %","-16.6","1693","129"
"Jason Kendall","- - -","19.0 %","56.8 %","39.7 %","74.7 %","94.2 %","89.9 %","54.7 %","45.2 %","4.0 %","1660",".076",".300","8.2 %","7.8 %","-68.7","6698","993"
"Ricky Gutierrez","- - -","20.4 %","68.4 %","47.7 %","55.4 %","92.0 %","85.2 %","56.9 %","20.3 %","7.0 %","409",".098",".297","8.1 %","10.6 %","-19.5","1700","387"
"Rob Mackowiak","- - -","26.4 %","74.3 %","50.4 %","53.2 %","82.0 %","74.4 %","50.1 %","54.5 %","12.8 %","603",".145",".317","8.7 %","22.4 %","-30.9","2622","995"
"Shane Spencer","- - -","17.2 %","69.1 %","44.7 %","51.4 %","85.7 %","79.5 %","52.9 %","37.4 %","9.2 %","365",".149",".299","8.2 %","18.8 %","-15.5","1568","848"
"Ruben Sierra","- - -","22.7 %","69.6 %","46.3 %","53.2 %","87.9 %","79.4 %","50.2 %","42.6 %","9.4 %","429",".180",".276","6.7 %","15.6 %","-15.3","1773","1099"
"Marco Scutaro","- - -","16.2 %","60.2 %","39.5 %","80.3 %","94.4 %","91.7 %","52.9 %","59.8 %","3.3 %","901",".118",".290","9.2 %","11.8 %","-35.7","3798","1555"
"Scott Podsednik","- - -","18.1 %","55.1 %","37.1 %","75.7 %","93.1 %","89.0 %","51.5 %","57.2 %","4.1 %","1036",".101",".322","7.9 %","14.4 %","-53.4","4130","1095"
"Damian Miller","- - -","20.8 %","74.1 %","48.4 %","45.0 %","82.7 %","74.9 %","51.9 %","43.1 %","12.0 %","688",".146",".315","9.1 %","21.4 %","-46.3","2984","65"
"Emil Brown","- - -","23.0 %","71.6 %","47.9 %","51.7 %","85.9 %","77.9 %","51.3 %","52.5 %","10.5 %","552",".143",".300","7.9 %","18.0 %","-27.8","2341","1197"
"Scott Hairston","- - -","24.6 %","67.3 %","46.0 %","57.5 %","83.5 %","76.5 %","50.0 %","58.0 %","10.8 %","413",".190",".278","7.1 %","21.0 %","-15.1","1856","1926"
"Darin Erstad","- - -","24.3 %","61.4 %","44.2 %","59.0 %","91.0 %","82.8 %","53.8 %","38.5 %","7.6 %","1170",".114",".317","6.9 %","14.2 %","-47.3","4564","11"
"Al Martin","- - -","26.4 %","81.2 %","53.8 %","32.5 %","85.8 %","72.7 %","49.9 %","13.0 %","14.5 %","265",".145",".305","8.1 %","17.6 %","-10.9","1105","1167"
"Doug Mirabelli","- - -","18.0 %","67.0 %","44.0 %","36.0 %","80.0 %","71.6 %","53.1 %","38.4 %","12.5 %","306",".182",".277","9.9 %","25.0 %","-21.8","1509","202"
"Dave Roberts","- - -","14.2 %","55.5 %","36.7 %","68.4 %","94.1 %","89.5 %","54.5 %","57.1 %","4.0 %","687",".101",".301","10.1 %","11.8 %","-21.8","2936","670"
"Eric Karros","- - -","18.9 %","71.9 %","47.4 %","56.9 %","89.2 %","83.2 %","53.7 %","29.6 %","8.0 %","507",".162",".275","8.0 %","16.3 %","-20.9","2197","659"
"Julio Lugo","- - -","18.6 %","62.0 %","41.4 %","57.5 %","89.5 %","82.7 %","52.6 %","46.8 %","7.2 %","1273",".116",".313","8.2 %","16.4 %","-73.8","5290","565"
"Larry Bigbie","- - -","20.3 %","68.7 %","45.2 %","50.6 %","84.1 %","76.7 %","51.4 %","51.9 %","10.5 %","328",".128",".329","8.7 %","22.1 %","-12.7","1367","128"
"Juan Pierre","- - -","22.8 %","59.0 %","42.8 %","84.3 %","96.6 %","93.7 %","55.3 %","51.2 %","2.8 %","1842",".068",".315","5.7 %","5.6 %","-117.4","6800","443"
"Ken Harvey","Royals","27.9 %","72.3 %","49.9 %","56.0 %","84.1 %","76.2 %","49.6 %","57.1 %","11.8 %","273",".137",".317","5.6 %","18.6 %","-19.4","1078","604"
"Javier Valentin","- - -","25.9 %","71.3 %","48.3 %","59.3 %","88.8 %","80.8 %","49.2 %","56.4 %","9.2 %","291",".161",".279","8.0 %","15.0 %","-20.4","1232","759"
"Lastings Milledge","- - -","31.2 %","68.3 %","49.2 %","60.2 %","85.6 %","77.3 %","48.5 %","59.8 %","11.1 %","403",".125",".311","6.3 %","17.3 %","-17.3","1655","6441"
"Jamey Carroll","- - -","17.2 %","55.6 %","38.1 %","75.6 %","93.1 %","89.5 %","54.4 %","56.9 %","4.0 %","695",".073",".323","10.0 %","14.3 %","-44.1","2929","1591"
"Wes Helms","- - -","24.6 %","71.4 %","48.6 %","50.0 %","85.0 %","76.4 %","51.2 %","54.6 %","11.4 %","669",".153",".312","7.2 %","22.4 %","-39.7","2890","94"
"Luis Alicea","- - -","12.3 %","61.6 %","38.2 %","56.7 %","93.4 %","87.8 %","52.5 %","12.0 %","4.7 %","319",".095",".309","8.7 %","12.6 %","-31.1","1310","584"
"Gabe Gross","- - -","19.0 %","63.7 %","41.0 %","59.6 %","85.1 %","79.1 %","49.3 %","57.1 %","8.5 %","349",".146",".286","11.8 %","20.7 %","-18.0","1682","2184"
"Ramon Castro","- - -","21.0 %","64.1 %","43.3 %","51.3 %","83.3 %","75.8 %","51.7 %","50.3 %","10.4 %","310",".187",".275","9.2 %","23.3 %","-18.9","1450","514"
"Robert Fick","- - -","18.1 %","63.9 %","42.2 %","61.4 %","91.0 %","85.0 %","52.6 %","41.9 %","6.3 %","596",".142",".281","8.7 %","14.4 %","-26.3","2585","466"
"Ricky Ledee","- - -","16.9 %","65.1 %","41.1 %","43.0 %","85.6 %","76.9 %","50.1 %","33.7 %","9.4 %","406",".165",".278","10.8 %","20.3 %","-33.3","1940","1407"
"Craig Monroe","- - -","27.1 %","73.7 %","50.3 %","55.5 %","83.5 %","76.0 %","49.8 %","58.6 %","12.1 %","678",".189",".279","6.4 %","20.1 %","-32.7","2924","1464"
"Ryan Theriot","- - -","20.5 %","60.9 %","41.6 %","75.0 %","94.7 %","90.0 %","52.2 %","61.7 %","4.1 %","696",".072",".316","8.4 %","10.7 %","-47.0","2748","3811"
"Alberto Callaspo","- - -","25.1 %","68.7 %","46.3 %","82.5 %","95.3 %","91.7 %","48.5 %","55.8 %","3.8 %","428",".115",".290","6.9 %","7.6 %","-21.1","1672","3336"
"Chris Snyder","- - -","18.0 %","57.2 %","37.4 %","49.6 %","86.1 %","77.3 %","49.7 %","56.2 %","8.4 %","400",".166",".268","12.4 %","22.4 %","-40.6","2058","4606"
"Robb Quinlan","Angels","26.6 %","68.8 %","48.2 %","63.7 %","87.2 %","80.9 %","51.3 %","58.1 %","9.3 %","307",".125",".312","5.8 %","15.6 %","-13.4","1196","1779"
"Rajai Davis","- - -","30.4 %","66.5 %","48.5 %","65.5 %","90.1 %","82.4 %","49.9 %","61.9 %","8.5 %","375",".102",".326","5.9 %","15.1 %","-12.9","1455","3708"
"Damion Easley","- - -","21.1 %","62.9 %","42.8 %","58.8 %","90.6 %","83.0 %","51.9 %","35.5 %","7.2 %","654",".149",".265","8.2 %","13.9 %","-37.2","2995","464"
"Nyjer Morgan","- - -","28.5 %","59.5 %","43.7 %","69.4 %","92.2 %","84.7 %","49.1 %","58.2 %","6.7 %","352",".077",".336","7.1 %","15.2 %","-15.6","1403","4885"
"So Taguchi","- - -","22.6 %","72.6 %","49.9 %","65.3 %","93.0 %","87.3 %","54.7 %","60.2 %","6.3 %","382",".106",".312","6.7 %","12.8 %","-21.1","1524","1186"
"David Bell","- - -","17.9 %","69.0 %","45.3 %","55.8 %","91.7 %","85.2 %","53.7 %","42.3 %","6.7 %","865",".140",".272","8.5 %","12.1 %","-57.8","3785","1108"
"Jose Offerman","- - -","14.5 %","63.6 %","39.7 %","65.9 %","89.5 %","85.4 %","51.4 %","20.2 %","5.8 %","389",".109",".286","11.8 %","14.3 %","-30.7","1767","205"
"Jeff Francoeur","- - -","36.6 %","81.0 %","58.1 %","60.3 %","85.2 %","77.1 %","48.5 %","63.1 %","13.2 %","856",".157",".299","4.9 %","17.5 %","-47.8","3444","4792"
"Jose Hernandez","- - -","22.7 %","69.2 %","46.5 %","39.6 %","76.7 %","67.9 %","51.3 %","36.9 %","14.9 %","667",".159",".334","7.9 %","28.8 %","-53.5","2901","688"
"Michael Barrett","- - -","24.4 %","69.1 %","47.8 %","62.7 %","88.5 %","82.2 %","52.4 %","46.2 %","8.4 %","791",".160",".274","7.2 %","12.9 %","-67.2","3377","762"
"David Eckstein","- - -","20.9 %","57.6 %","41.8 %","78.0 %","96.4 %","92.4 %","57.0 %","52.4 %","3.2 %","1414",".075",".298","6.6 %","7.3 %","-60.3","5705","10"
"Brady Anderson","- - -","15.2 %","69.0 %","42.0 %","38.7 %","85.7 %","77.2 %","49.9 %","4.6 %","9.4 %","230",".130",".254","13.9 %","16.6 %","-17.6","1220","364"
"Kenji Johjima","Mariners","29.0 %","72.3 %","50.9 %","67.5 %","94.0 %","86.5 %","50.4 %","58.7 %","6.9 %","431",".143",".270","3.8 %","8.6 %","-18.9","1722","5811"
"Kevin Kouzmanoff","- - -","32.2 %","75.9 %","53.4 %","55.7 %","87.2 %","77.4 %","48.6 %","60.1 %","12.0 %","578",".168",".287","4.6 %","18.5 %","-13.7","2422","5995"
"Casey Kotchman","- - -","24.6 %","66.2 %","45.2 %","71.9 %","94.2 %","88.1 %","49.5 %","56.7 %","5.3 %","540",".133",".268","8.2 %","9.6 %","-25.8","2328","1930"
"Kurt Suzuki","Athletics","23.7 %","63.2 %","44.1 %","73.6 %","91.9 %","87.2 %","51.7 %","58.5 %","5.7 %","477",".126",".278","6.5 %","10.8 %","-18.7","1994","8259"
"Kevin Young","Pirates","18.1 %","74.6 %","49.0 %","50.7 %","84.7 %","79.0 %","54.7 %","21.3 %","10.2 %","364",".166",".279","8.1 %","20.4 %","-33.2","1669","1018"
"Todd Greene","- - -","34.5 %","79.9 %","57.6 %","40.6 %","81.0 %","69.1 %","51.0 %","52.2 %","17.6 %","250",".196",".283","4.1 %","20.7 %","-24.5","1031","1450"
"Juan Uribe","- - -","28.9 %","73.8 %","52.0 %","55.1 %","86.3 %","77.8 %","51.3 %","57.3 %","11.5 %","1114",".176",".282","5.6 %","17.7 %","-102.5","4755","454"
"Orlando Palmeiro","- - -","18.9 %","60.0 %","41.2 %","83.2 %","93.4 %","91.3 %","54.3 %","40.5 %","3.7 %","438",".084",".293","9.6 %","8.8 %","-31.0","1867","28"
"Adam Kennedy","- - -","23.9 %","69.8 %","47.8 %","65.6 %","89.6 %","83.8 %","52.1 %","45.7 %","7.7 %","1329",".111",".310","6.6 %","13.7 %","-77.4","5335","19"
"Troy O'Leary","- - -","18.8 %","70.3 %","43.7 %","54.8 %","88.4 %","80.9 %","48.4 %","18.5 %","8.2 %","332",".148",".283","8.1 %","15.7 %","-31.1","1447","789"
"Randall Simon","- - -","34.6 %","83.8 %","59.9 %","64.2 %","91.3 %","83.7 %","51.6 %","50.7 %","9.7 %","377",".141",".276","4.4 %","8.3 %","-19.7","1448","497"
"Franklin Gutierrez","- - -","25.1 %","59.5 %","42.2 %","57.4 %","86.5 %","77.8 %","49.9 %","57.8 %","9.3 %","507",".139",".313","6.9 %","21.1 %","-20.8","2142","3255"
"John Buck","- - -","28.6 %","74.5 %","51.4 %","52.8 %","82.9 %","74.5 %","49.7 %","63.9 %","13.1 %","565",".178",".289","6.5 %","23.9 %","-44.2","2553","2041"
"Terrence Long","- - -","21.4 %","69.9 %","47.0 %","61.3 %","89.5 %","83.4 %","52.9 %","33.4 %","7.8 %","824",".135",".295","6.8 %","13.8 %","-48.8","3322","927"
"Orlando Cabrera","- - -","24.8 %","66.0 %","46.3 %","68.8 %","91.8 %","85.9 %","52.2 %","51.1 %","6.5 %","1774",".119",".287","6.5 %","8.8 %","-133.5","7066","766"
"Ronny Paulino","- - -","20.8 %","66.4 %","44.6 %","59.1 %","90.2 %","83.2 %","52.2 %","62.1 %","7.4 %","431",".109",".314","7.5 %","16.3 %","-29.9","1720","2129"
"Ryan Langerhans","- - -","18.3 %","66.6 %","42.7 %","45.9 %","79.7 %","72.5 %","50.5 %","60.5 %","11.6 %","271",".145",".300","12.8 %","26.0 %","-22.6","1395","98"
"Omar Infante","- - -","24.6 %","61.7 %","43.8 %","62.6 %","89.8 %","82.5 %","51.8 %","61.2 %","7.6 %","709",".121",".313","6.0 %","15.6 %","-40.0","2815","1609"
"Tony Batista","- - -","21.5 %","70.5 %","47.0 %","62.4 %","86.8 %","81.4 %","52.0 %","36.4 %","8.7 %","813",".201",".246","5.5 %","15.6 %","-66.2","3606","124"
"Josh Bard","- - -","23.3 %","68.6 %","46.3 %","66.6 %","91.6 %","85.4 %","50.8 %","61.1 %","6.7 %","435",".131",".286","9.0 %","14.7 %","-22.0","1895","1578"
"Benito Santiago","- - -","23.2 %","76.5 %","52.4 %","54.4 %","87.9 %","81.2 %","54.7 %","37.7 %","9.8 %","490",".143",".299","5.4 %","15.3 %","-34.8","1955","1130"
"Craig Counsell","- - -","16.8 %","56.8 %","37.5 %","71.0 %","93.1 %","88.3 %","51.7 %","46.9 %","4.4 %","1009",".090",".291","10.7 %","12.3 %","-100.6","4515","52"
"Omar Vizquel","- - -","16.9 %","60.7 %","40.8 %","72.3 %","94.7 %","90.5 %","54.5 %","42.7 %","3.9 %","1370",".087",".293","8.9 %","9.5 %","-116.6","5780","411"
"Melky Cabrera","- - -","27.5 %","63.8 %","44.8 %","75.6 %","93.8 %","87.9 %","47.7 %","58.7 %","5.4 %","635",".112",".290","8.0 %","11.7 %","-47.9","2657","4022"
"Marquis Grissom","- - -","22.4 %","73.1 %","49.1 %","60.5 %","86.5 %","80.9 %","52.7 %","34.3 %","9.3 %","701",".161",".283","4.9 %","16.0 %","-54.7","2850","652"
"Darrin Fletcher","Blue Jays","23.3 %","68.5 %","48.3 %","73.5 %","91.6 %","87.7 %","55.3 %","8.6 %","6.0 %","255",".155",".264","4.6 %","9.8 %","-25.0","1033","1302"
"John Mabry","- - -","21.3 %","79.0 %","52.1 %","41.2 %","80.3 %","72.8 %","53.3 %","44.7 %","14.1 %","343",".172",".283","8.3 %","23.2 %","-30.1","1599","1381"
"Khalil Greene","- - -","25.9 %","67.4 %","47.7 %","50.6 %","87.1 %","77.7 %","52.4 %","61.2 %","10.6 %","628",".177",".275","6.7 %","19.6 %","-31.2","2835","1826"
"Yorvit Torrealba","- - -","23.8 %","64.5 %","44.3 %","56.7 %","86.6 %","78.6 %","50.5 %","58.2 %","9.4 %","542",".131",".300","7.3 %","17.7 %","-52.7","2350","1135"
"Cory Sullivan","- - -","22.6 %","69.6 %","48.3 %","52.8 %","88.1 %","80.6 %","54.6 %","59.4 %","9.4 %","305",".110",".336","7.4 %","19.9 %","-37.1","1272","1940"
"Bengie Molina","- - -","33.0 %","72.7 %","53.6 %","76.1 %","90.7 %","86.4 %","51.8 %","50.0 %","7.3 %","1291",".139",".276","4.0 %","9.2 %","-94.0","5049","24"
"Brendan Harris","- - -","22.3 %","65.2 %","44.6 %","57.9 %","88.3 %","81.0 %","52.0 %","61.3 %","8.5 %","412",".124",".304","7.2 %","17.9 %","-29.5","1759","2178"
"Roger Cedeno","- - -","16.5 %","69.7 %","45.7 %","48.0 %","87.3 %","80.9 %","54.9 %","35.1 %","8.8 %","550",".101",".313","8.0 %","15.8 %","-39.1","2250","869"
"Sean Burroughs","- - -","21.2 %","70.6 %","48.2 %","62.7 %","90.5 %","85.0 %","54.6 %","57.5 %","7.2 %","431",".078",".317","6.8 %","12.1 %","-19.1","1690","1021"
"Jason LaRue","- - -","25.4 %","77.5 %","51.6 %","44.5 %","75.3 %","67.8 %","50.3 %","51.0 %","16.4 %","609",".165",".283","7.5 %","24.3 %","-66.9","3000","337"
"Greg Dobbs","- - -","31.6 %","75.5 %","52.9 %","64.1 %","89.1 %","81.4 %","48.5 %","55.9 %","9.7 %","283",".152",".296","6.2 %","18.5 %","-23.7","1181","2158"
"Alex Sanchez","- - -","25.1 %","71.6 %","51.2 %","59.3 %","93.1 %","85.8 %","56.0 %","63.2 %","7.7 %","452",".076",".344","4.6 %","14.1 %","-28.1","1651","708"
"Chuck Knoblauch","- - -","11.3 %","62.1 %","42.2 %","66.7 %","95.1 %","92.1 %","60.7 %","14.2 %","3.4 %","306",".099",".271","9.5 %","10.8 %","-29.5","1393","609"
"Jerry Hairston","- - -","23.3 %","61.7 %","44.1 %","72.0 %","93.4 %","88.3 %","54.3 %","47.6 %","5.2 %","880",".112",".280","7.5 %","11.6 %","-69.1","3898","144"
"Kaz Matsui","- - -","24.0 %","65.5 %","45.6 %","67.4 %","88.4 %","83.1 %","51.9 %","56.6 %","7.7 %","615",".113",".310","7.0 %","15.8 %","-57.0","2555","1854"
"Ron Coomer","- - -","22.7 %","77.1 %","52.7 %","58.6 %","83.4 %","78.6 %","55.2 %","14.4 %","11.2 %","307",".134",".280","6.4 %","12.8 %","-33.1","1268","816"
"Marlon Anderson","- - -","23.0 %","66.5 %","46.2 %","58.9 %","88.9 %","81.9 %","53.5 %","45.6 %","8.3 %","721",".128",".292","6.8 %","13.6 %","-58.7","2979","947"
"David Newhan","- - -","23.6 %","72.1 %","49.1 %","46.3 %","88.7 %","79.0 %","52.6 %","55.1 %","10.3 %","243",".126",".303","7.5 %","18.9 %","-21.3","1051","2009"
"Vinny Castilla","- - -","26.9 %","78.6 %","54.3 %","46.5 %","84.9 %","76.0 %","53.1 %","47.3 %","12.9 %","835",".168",".268","5.6 %","15.3 %","-91.0","3579","84"
"Johnny Estrada","- - -","34.9 %","79.6 %","59.3 %","68.7 %","91.8 %","85.6 %","54.5 %","55.7 %","8.4 %","576",".123",".291","4.6 %","10.2 %","-53.2","2244","955"
"Alex Cintron","- - -","30.0 %","73.0 %","53.2 %","73.0 %","91.4 %","86.6 %","54.0 %","61.7 %","7.1 %","565",".119",".294","5.1 %","10.4 %","-63.1","2217","50"
"Brandon Inge","Tigers","22.6 %","64.4 %","43.4 %","54.4 %","82.9 %","75.5 %","49.9 %","56.7 %","10.6 %","1028",".157",".285","8.1 %","22.8 %","-95.1","4873","470"
"Chris Gomez","- - -","17.8 %","64.7 %","43.7 %","67.8 %","94.3 %","89.5 %","55.2 %","48.8 %","4.6 %","574",".098",".297","6.0 %","10.4 %","-48.5","2291","1208"
"Willie Harris","- - -","16.1 %","59.3 %","38.5 %","63.5 %","88.5 %","83.4 %","51.8 %","57.2 %","6.4 %","516",".113",".281","10.7 %","17.3 %","-58.0","2485","236"
"Tike Redman","- - -","20.9 %","66.1 %","45.4 %","77.6 %","92.9 %","89.7 %","54.2 %","53.3 %","4.7 %","385",".105",".303","4.5 %","10.1 %","-35.0","1461","1003"
"Cristian Guzman","- - -","25.2 %","64.9 %","46.2 %","66.5 %","92.3 %","85.6 %","52.8 %","47.1 %","6.7 %","1364",".117",".308","4.6 %","13.0 %","-126.2","5329","728"
"Mike Redmond","- - -","24.3 %","67.9 %","47.6 %","72.1 %","93.9 %","88.8 %","53.5 %","46.7 %","5.3 %","537",".071",".309","5.4 %","9.8 %","-43.8","2096","538"
"Michael Bourn","- - -","21.5 %","60.5 %","40.6 %","60.5 %","87.2 %","80.0 %","49.0 %","58.8 %","8.1 %","456",".085",".331","8.9 %","19.8 %","-39.8","1941","6387"
"Shane Halter","- - -","20.5 %","73.1 %","47.9 %","44.0 %","83.4 %","75.3 %","52.1 %","32.3 %","11.9 %","389",".148",".290","7.1 %","20.0 %","-33.1","1744","468"
"Alex Gonzalez","- - -","22.0 %","68.9 %","47.0 %","44.4 %","84.0 %","75.4 %","53.3 %","35.5 %","11.5 %","705",".154",".288","6.9 %","21.0 %","-81.5","3188","281"
"Elvis Andrus","Rangers","20.4 %","54.4 %","37.8 %","70.0 %","93.7 %","87.5 %","51.2 %","58.2 %","4.7 %","284",".067",".312","8.6 %","14.2 %","-32.9","1215","8709"
"Yadier Molina","Cardinals","25.8 %","72.8 %","50.6 %","73.8 %","91.6 %","87.3 %","52.8 %","60.8 %","6.4 %","718",".093",".281","7.4 %","8.5 %","-62.8","2979","7007"
"Clint Barmes","Rockies","32.6 %","66.5 %","50.6 %","67.6 %","89.3 %","82.8 %","53.2 %","62.5 %","8.6 %","582",".150",".281","5.0 %","15.8 %","-92.9","2509","1830"
"Chris Singleton","- - -","25.5 %","71.6 %","50.4 %","57.7 %","86.9 %","80.1 %","54.0 %","29.5 %","10.0 %","460",".127",".303","5.7 %","15.6 %","-48.9","1909","170"
"Miguel Olivo","- - -","36.1 %","72.6 %","54.2 %","43.7 %","80.8 %","68.3 %","49.6 %","64.3 %","17.1 %","708",".181",".302","4.1 %","26.2 %","-79.9","3058","1638"
"Erick Aybar","Angels","34.3 %","62.6 %","48.3 %","77.2 %","93.4 %","87.6 %","49.4 %","63.4 %","6.0 %","444",".091",".308","5.0 %","12.4 %","-34.9","1771","4082"
"Desi Relaford","- - -","18.7 %","67.6 %","44.4 %","65.5 %","90.0 %","85.1 %","52.4 %","38.5 %","6.6 %","528",".109",".277","9.4 %","14.6 %","-69.5","2471","1096"
"Luis Matos","- - -","24.2 %","64.7 %","45.8 %","57.8 %","89.9 %","81.9 %","53.3 %","51.0 %","8.3 %","410",".120",".295","6.1 %","16.8 %","-41.1","1773","152"
"Ruben Rivera","- - -","28.6 %","75.8 %","51.3 %","39.4 %","78.8 %","67.4 %","48.2 %","15.5 %","17.0 %","197",".168",".279","8.6 %","27.6 %","-28.6","1010","1550"
"Brian Schneider","- - -","24.4 %","70.6 %","47.4 %","58.7 %","87.8 %","80.3 %","49.7 %","52.3 %","9.2 %","739",".124",".277","9.5 %","14.3 %","-86.9","3333","795"
"Denny Hocking","- - -","14.8 %","62.6 %","40.9 %","50.0 %","90.5 %","83.9 %","54.7 %","27.4 %","6.7 %","338",".091",".311","9.0 %","17.3 %","-44.9","1476","730"
"Jose Lopez","Mariners","31.3 %","68.0 %","50.3 %","73.9 %","92.0 %","86.6 %","51.8 %","60.4 %","6.8 %","897",".134",".280","3.7 %","11.2 %","-69.6","3599","3114"
"Laynce Nix","- - -","31.7 %","70.6 %","50.8 %","51.7 %","85.0 %","74.5 %","49.1 %","60.2 %","12.8 %","328",".182",".296","5.5 %","25.3 %","-43.2","1449","1766"
"Ramon Vazquez","- - -","18.9 %","62.5 %","41.5 %","59.5 %","88.9 %","82.4 %","51.7 %","56.5 %","7.3 %","496",".095",".309","9.7 %","18.6 %","-50.4","2227","1058"
"Geoff Blum","- - -","23.8 %","70.2 %","47.5 %","57.6 %","89.9 %","81.9 %","51.1 %","44.4 %","8.5 %","943",".130",".277","7.4 %","15.1 %","-109.7","4153","550"
"Damian Jackson","- - -","17.1 %","62.9 %","41.7 %","52.1 %","87.4 %","80.7 %","53.9 %","29.0 %","8.1 %","427",".107",".305","9.2 %","20.2 %","-44.9","1964","471"
"Timo Perez","- - -","22.3 %","67.9 %","47.9 %","73.7 %","93.6 %","89.5 %","56.2 %","51.2 %","5.1 %","449",".113",".282","5.0 %","8.7 %","-46.7","1825","891"
"Eric Owens","- - -","20.0 %","68.7 %","47.9 %","67.0 %","94.2 %","89.4 %","57.4 %","23.0 %","5.2 %","441",".081",".299","6.6 %","10.2 %","-43.4","1753","534"
"Jason Phillips","- - -","23.9 %","74.2 %","50.5 %","55.4 %","90.3 %","82.5 %","53.0 %","58.1 %","8.8 %","344",".121",".263","7.2 %","11.1 %","-39.7","1537","892"
"Deivi Cruz","- - -","27.3 %","72.0 %","53.1 %","59.4 %","89.8 %","83.2 %","57.8 %","40.1 %","8.9 %","739",".126",".284","3.2 %","9.1 %","-71.2","2878","1025"
"Corey Patterson","- - -","32.3 %","74.2 %","54.4 %","53.0 %","84.0 %","75.3 %","52.8 %","60.4 %","13.4 %","962",".151",".298","4.6 %","20.9 %","-116.6","4102","300"
"Pedro Feliz","- - -","28.7 %","70.0 %","50.2 %","61.0 %","88.6 %","81.1 %","52.1 %","60.0 %","9.5 %","1065",".160",".265","5.1 %","14.6 %","-126.4","4544","1112"
"Yuniesky Betancourt","- - -","31.3 %","68.2 %","50.4 %","74.2 %","94.1 %","88.1 %","51.6 %","60.3 %","6.0 %","785",".121",".285","3.4 %","9.0 %","-71.2","3057","8585"
"Ramon Martinez","- - -","15.0 %","62.7 %","41.0 %","59.8 %","92.7 %","87.2 %","54.5 %","39.7 %","5.2 %","468",".102",".287","7.5 %","12.3 %","-56.2","2017","1120"
"Bobby Crosby","- - -","22.1 %","64.0 %","43.3 %","55.2 %","85.0 %","77.4 %","50.5 %","56.0 %","9.7 %","605",".136",".272","8.5 %","18.1 %","-71.4","2846","1818"
"Warren Morris","- - -","19.7 %","69.9 %","46.2 %","51.3 %","94.7 %","86.0 %","52.8 %","19.4 %","6.5 %","252",".092",".284","8.3 %","11.8 %","-37.2","1099","1424"
"Miguel Cairo","- - -","22.4 %","67.3 %","47.1 %","64.7 %","93.6 %","87.4 %","54.9 %","48.6 %","5.9 %","663",".097",".289","6.0 %","11.4 %","-82.2","2832","1412"
"Chris Burke","- - -","20.1 %","70.6 %","47.5 %","51.0 %","88.0 %","80.8 %","54.3 %","60.0 %","9.0 %","303",".120",".277","7.8 %","16.8 %","-44.0","1443","2164"
"Dave Berg","- - -","17.9 %","69.6 %","46.2 %","61.0 %","89.4 %","84.4 %","54.7 %","35.0 %","7.2 %","286",".108",".297","6.5 %","16.5 %","-37.9","1230","1288"
"Quinton McCracken","- - -","17.9 %","65.3 %","43.9 %","56.9 %","87.5 %","81.9 %","54.9 %","51.7 %","7.9 %","282",".096",".305","8.1 %","15.4 %","-43.7","1234","1377"
"Rod Barajas","- - -","31.6 %","70.6 %","52.3 %","62.5 %","88.1 %","80.8 %","53.1 %","58.6 %","9.9 %","672",".173",".251","5.1 %","16.2 %","-98.9","3068","45"
"Luis Rivas","- - -","25.8 %","67.0 %","47.0 %","62.1 %","91.6 %","83.7 %","51.5 %","41.5 %","7.7 %","541",".120",".287","5.5 %","13.8 %","-67.2","2290","753"
"Alex Gonzalez","- - -","34.7 %","69.0 %","52.5 %","61.2 %","87.2 %","78.9 %","51.8 %","49.5 %","11.0 %","1068",".154",".278","5.1 %","18.1 %","-139.7","4727","520"
"Jack Wilson","- - -","24.9 %","66.4 %","47.6 %","73.0 %","92.2 %","87.7 %","54.8 %","55.5 %","5.9 %","1230",".105",".291","5.1 %","11.3 %","-149.6","5030","1017"
"Aaron Miles","- - -","25.4 %","64.0 %","46.5 %","74.4 %","95.9 %","90.6 %","54.7 %","60.8 %","4.4 %","668",".072",".306","5.3 %","9.5 %","-90.1","2574","1844"
"Endy Chavez","- - -","23.5 %","59.4 %","42.8 %","74.8 %","91.1 %","87.0 %","53.7 %","58.7 %","5.6 %","605",".097",".294","5.7 %","9.8 %","-78.9","2456","768"
"Royce Clayton","- - -","24.0 %","70.7 %","49.2 %","54.1 %","86.2 %","79.0 %","54.0 %","45.5 %","10.3 %","900",".109",".302","7.0 %","17.6 %","-142.8","3920","226"
"Vance Wilson","- - -","27.5 %","70.4 %","50.9 %","57.1 %","88.6 %","80.9 %","54.6 %","58.0 %","9.7 %","238",".127",".285","4.4 %","17.9 %","-28.7","1054","903"
"Jolbert Cabrera","- - -","28.1 %","71.4 %","50.7 %","49.6 %","88.2 %","78.0 %","52.2 %","40.8 %","11.1 %","355",".110",".298","4.8 %","15.6 %","-42.8","1490","373"
"Brook Fordyce","- - -","20.7 %","69.8 %","47.8 %","56.6 %","89.4 %","83.1 %","55.4 %","32.1 %","8.1 %","308",".124",".280","5.6 %","15.2 %","-38.4","1335","138"
"Tom Goodwin","- - -","14.1 %","61.5 %","39.5 %","48.7 %","88.7 %","82.1 %","53.6 %","19.6 %","7.1 %","315",".088",".308","8.9 %","18.4 %","-56.3","1387","1114"
"Eric Munson","- - -","24.0 %","70.8 %","47.0 %","57.1 %","83.6 %","76.7 %","49.2 %","54.2 %","10.9 %","226",".180",".225","8.8 %","19.7 %","-33.9","1186","481"
"Angel Berroa","- - -","34.9 %","71.2 %","54.4 %","61.2 %","87.7 %","79.8 %","53.7 %","62.6 %","10.9 %","665",".116",".297","4.2 %","16.4 %","-96.5","2807","591"
"Carlos Febles","Royals","13.5 %","64.5 %","42.7 %","52.2 %","89.1 %","84.1 %","57.3 %","28.2 %","6.9 %","288",".083",".283","8.4 %","14.9 %","-55.0","1339","598"
"Craig Paquette","- - -","29.4 %","82.2 %","58.6 %","40.8 %","78.6 %","70.1 %","55.3 %","16.8 %","17.5 %","244",".162",".270","5.1 %","19.1 %","-36.3","1089","484"
"Brent Mayne","- - -","18.8 %","68.0 %","44.4 %","56.1 %","89.6 %","82.8 %","52.0 %","32.1 %","7.6 %","404",".082",".294","9.4 %","13.8 %","-82.0","1762","614"
"Ben Davis","- - -","22.1 %","76.3 %","50.8 %","36.5 %","80.9 %","71.8 %","52.9 %","32.0 %","14.3 %","293",".132",".284","9.1 %","22.4 %","-37.8","1404","1074"
"Jeremy Reed","- - -","24.1 %","69.6 %","47.5 %","69.6 %","90.4 %","85.2 %","51.4 %","58.6 %","7.0 %","315",".102",".290","7.3 %","14.2 %","-35.1","1369","4730"
"Ramon Santiago","- - -","24.9 %","67.3 %","47.0 %","67.6 %","92.3 %","86.0 %","52.1 %","61.0 %","6.6 %","388",".087",".287","6.7 %","15.2 %","-51.7","1793","1417"
"Dioner Navarro","- - -","23.9 %","66.6 %","45.9 %","64.9 %","93.0 %","85.9 %","51.5 %","56.8 %","6.4 %","439",".108",".273","7.5 %","13.2 %","-56.4","1964","3179"
"Sandy Alomar Jr.","- - -","28.2 %","74.6 %","54.0 %","64.7 %","90.7 %","84.7 %","55.6 %","36.1 %","8.3 %","391",".107",".282","3.8 %","9.6 %","-60.2","1559","221"
"Jose Vizcaino","- - -","24.1 %","74.5 %","52.6 %","67.1 %","91.9 %","86.9 %","56.5 %","44.5 %","6.8 %","485",".086",".300","6.1 %","11.7 %","-74.4","1971","577"
"Kelly Stinnett","- - -","24.7 %","71.7 %","47.8 %","47.3 %","80.5 %","71.8 %","49.2 %","32.6 %","13.3 %","247",".139",".289","7.7 %","25.0 %","-47.3","1189","356"
"Brendan Ryan","Cardinals","27.6 %","63.2 %","45.4 %","67.5 %","90.3 %","83.4 %","50.1 %","57.4 %","7.5 %","312",".085",".292","6.6 %","12.5 %","-37.6","1332","6073"
"Willie Bloomquist","- - -","24.4 %","68.1 %","47.9 %","65.3 %","90.4 %","84.5 %","53.7 %","62.1 %","7.4 %","495",".072",".313","6.8 %","16.1 %","-61.5","2056","1066"
"Jose Macias","- - -","28.6 %","73.0 %","53.2 %","61.4 %","86.9 %","80.8 %","55.5 %","37.5 %","10.2 %","421",".113",".286","5.2 %","13.6 %","-60.5","1785","476"
"Tony Womack","- - -","19.3 %","61.9 %","43.4 %","62.7 %","93.4 %","87.4 %","56.5 %","37.2 %","5.6 %","804",".081",".299","5.1 %","11.5 %","-129.6","3230","78"
"Gerald Williams","- - -","30.4 %","66.7 %","51.0 %","61.3 %","83.3 %","77.6 %","56.7 %","12.6 %","11.5 %","270",".140",".269","5.4 %","16.5 %","-49.0","1212","1395"
"Gerald Laird","- - -","24.9 %","65.4 %","45.4 %","64.1 %","86.9 %","80.7 %","50.6 %","59.4 %","8.7 %","461",".116",".286","6.7 %","18.7 %","-79.3","2125","1698"
"Chris Woodward","- - -","21.8 %","66.7 %","45.7 %","57.2 %","86.2 %","79.7 %","53.2 %","54.3 %","9.3 %","402",".128",".291","7.3 %","21.0 %","-68.8","1857","1329"
"Jose Castillo","- - -","29.9 %","74.7 %","53.5 %","56.7 %","84.5 %","77.1 %","52.6 %","64.3 %","12.1 %","487",".125",".296","5.4 %","18.4 %","-74.6","2059","1866"
"Willy Taveras","- - -","22.0 %","62.9 %","44.7 %","72.9 %","91.8 %","87.7 %","55.6 %","62.7 %","5.5 %","662",".053",".323","5.1 %","14.8 %","-105.5","2644","1876"
"Nick Green","- - -","28.1 %","70.6 %","50.8 %","53.5 %","81.5 %","74.3 %","53.5 %","62.7 %","13.0 %","237",".111",".304","6.8 %","23.5 %","-39.8","1131","1502"
"Nick Punto","- - -","19.9 %","60.2 %","41.0 %","76.8 %","91.3 %","88.0 %","52.4 %","59.2 %","4.9 %","610",".075",".297","9.9 %","16.5 %","-91.7","2818","1429"
"Toby Hall","- - -","30.7 %","75.7 %","55.9 %","75.4 %","92.3 %","88.2 %","56.0 %","58.5 %","6.5 %","616",".112",".269","4.1 %","8.6 %","-83.3","2514","1210"
"Alex Cora","- - -","22.6 %","60.4 %","43.4 %","76.7 %","94.4 %","90.3 %","55.0 %","45.5 %","4.2 %","784",".098",".269","6.5 %","10.8 %","-117.2","3584","1386"
"Alfredo Amezaga","- - -","24.4 %","63.7 %","45.3 %","66.9 %","90.9 %","84.9 %","53.3 %","58.6 %","6.8 %","335",".090",".289","7.1 %","14.1 %","-55.6","1485","1"
"Josh Barfield","- - -","32.6 %","73.3 %","54.3 %","54.9 %","89.1 %","79.6 %","53.4 %","66.8 %","11.0 %","267",".112",".307","4.1 %","17.5 %","-34.0","1075","3622"
"Dan Wilson","Mariners","19.0 %","71.2 %","48.7 %","51.8 %","87.4 %","81.4 %","56.8 %","39.0 %","9.0 %","430",".099",".301","5.5 %","17.5 %","-58.3","1829","1102"
"Brad Ausmus","- - -","18.7 %","67.0 %","44.6 %","56.9 %","91.6 %","84.8 %","53.7 %","45.9 %","6.7 %","927",".081",".280","9.0 %","14.1 %","-172.2","4296","546"
"Joey Gathright","- - -","21.7 %","69.5 %","47.7 %","65.9 %","89.1 %","84.3 %","54.5 %","63.0 %","7.5 %","309",".040",".318","7.2 %","16.0 %","-49.6","1328","3913"
"Tony Gwynn","- - -","18.1 %","56.6 %","37.8 %","65.3 %","94.0 %","87.3 %","51.1 %","55.2 %","4.8 %","225",".070",".288","10.2 %","15.3 %","-29.6","1054","6141"
"Andy LaRoche","- - -","25.5 %","63.5 %","43.8 %","65.2 %","87.1 %","80.4 %","48.0 %","58.4 %","8.5 %","244",".113",".252","9.2 %","15.3 %","-42.0","1228","6444"
"Pokey Reese","- - -","16.4 %","64.9 %","43.0 %","47.3 %","84.2 %","77.8 %","54.8 %","25.3 %","9.5 %","416",".105",".283","7.6 %","17.8 %","-87.1","1914","1004"
"Augie Ojeda","- - -","21.7 %","64.2 %","43.0 %","72.9 %","93.7 %","88.4 %","50.1 %","43.6 %","4.9 %","249",".078",".254","9.6 %","9.3 %","-54.5","1238","297"
"Alexi Casilla","Twins","26.6 %","56.3 %","41.9 %","78.5 %","92.6 %","88.3 %","51.4 %","60.5 %","4.9 %","239",".077",".278","7.2 %","11.9 %","-39.5","1073","5248"
"Carlos Gomez","- - -","35.0 %","67.1 %","50.8 %","59.4 %","86.6 %","77.2 %","49.4 %","65.4 %","11.6 %","322",".102",".310","5.1 %","22.0 %","-52.7","1420","4881"
"Jason Tyner","- - -","23.3 %","61.1 %","44.3 %","73.8 %","95.6 %","90.5 %","55.5 %","36.6 %","4.2 %","373",".049",".303","4.6 %","9.3 %","-58.0","1467","1232"
"John Flaherty","- - -","24.3 %","73.4 %","51.5 %","46.9 %","87.4 %","78.9 %","55.6 %","34.0 %","10.8 %","316",".129",".272","4.4 %","15.3 %","-58.3","1375","1206"
"Abraham Nunez","- - -","21.4 %","70.8 %","47.5 %","61.8 %","89.5 %","83.6 %","52.9 %","49.4 %","7.7 %","525",".075",".289","8.7 %","15.4 %","-105.2","2391","1420"
"Einar Diaz","- - -","24.2 %","64.6 %","46.7 %","64.1 %","94.4 %","87.5 %","55.7 %","34.4 %","5.9 %","401",".094",".265","4.0 %","8.7 %","-76.7","1766","378"
"Neifi Perez","- - -","23.2 %","72.9 %","51.8 %","73.7 %","93.4 %","89.7 %","57.4 %","40.5 %","5.4 %","902",".101",".279","3.9 %","8.9 %","-201.2","3676","620"
"Adam Everett","- - -","26.2 %","64.7 %","46.9 %","59.8 %","90.5 %","82.6 %","53.8 %","62.3 %","8.2 %","655",".105",".275","5.6 %","14.7 %","-131.8","3003","1430"
"Doug Glanville","- - -","23.9 %","67.9 %","48.7 %","57.8 %","88.0 %","81.5 %","56.4 %","24.6 %","8.9 %","545",".097",".281","4.0 %","12.1 %","-104.8","2256","956"
"Matt Treanor","- - -","22.7 %","62.6 %","43.5 %","56.5 %","87.0 %","79.4 %","51.9 %","61.3 %","8.9 %","221",".083",".272","8.9 %","18.2 %","-48.2","1118","2265"
"Mike Matheny","- - -","25.2 %","72.7 %","51.0 %","54.0 %","86.5 %","79.2 %","54.5 %","43.6 %","10.4 %","619",".107",".285","7.0 %","17.9 %","-127.1","2830","1169"
"Henry Blanco","- - -","25.2 %","68.2 %","47.4 %","60.3 %","87.4 %","80.4 %","51.6 %","43.5 %","9.2 %","496",".134",".255","7.8 %","17.6 %","-112.8","2450","81"
"Ronny Cedeno","- - -","34.2 %","68.0 %","51.8 %","67.2 %","88.1 %","81.5 %","52.1 %","61.0 %","9.5 %","419",".112",".293","4.6 %","19.6 %","-86.4","1855","2179"
"Chad Moeller","- - -","26.8 %","72.5 %","49.7 %","52.4 %","82.0 %","74.0 %","50.0 %","51.3 %","12.8 %","315",".126",".275","7.0 %","21.5 %","-77.7","1539","66"
"Rey Sanchez","- - -","20.6 %","75.0 %","51.7 %","61.2 %","94.2 %","88.6 %","57.2 %","30.3 %","5.9 %","562",".055",".295","4.0 %","9.1 %","-114.6","2244","213"
"Andy Fox","- - -","19.3 %","68.4 %","45.8 %","41.3 %","86.1 %","77.4 %","53.8 %","36.0 %","10.3 %","208",".087",".277","8.9 %","20.2 %","-48.0","1051","1379"
"Gary Bennett","- - -","21.0 %","68.8 %","46.5 %","61.4 %","91.1 %","84.8 %","53.4 %","49.7 %","7.0 %","371",".089",".269","7.4 %","14.3 %","-86.6","1726","420"
"Peter Bergeron","Expos","25.2 %","58.0 %","40.0 %","62.7 %","79.7 %","73.8 %","45.0 %","9.2 %","10.5 %","238",".084",".286","9.2 %","20.6 %","-68.2","1201","763"
"Tomas Perez","- - -","29.8 %","72.4 %","52.8 %","60.2 %","86.4 %","79.6 %","54.0 %","46.6 %","10.7 %","332",".113",".283","5.8 %","17.6 %","-73.1","1491","965"
"Joe McEwing","- - -","24.2 %","66.1 %","47.0 %","55.4 %","87.7 %","80.1 %","54.5 %","36.3 %","9.3 %","298",".097",".292","5.2 %","19.2 %","-63.5","1366","887"
"Cesar Izturis","- - -","24.1 %","65.2 %","46.9 %","76.8 %","94.8 %","90.7 %","55.5 %","59.6 %","4.4 %","1030",".067",".279","4.9 %","9.1 %","-202.3","4331","656"
"Jose Molina","- - -","32.8 %","73.9 %","54.6 %","59.6 %","82.6 %","76.1 %","53.1 %","65.7 %","13.0 %","377",".101",".285","4.6 %","20.0 %","-83.9","1749","25"
"Paul Bako","- - -","24.9 %","68.3 %","46.9 %","41.2 %","85.2 %","73.7 %","50.8 %","47.6 %","12.3 %","370",".087",".288","9.7 %","23.8 %","-105.6","1891","676"
"Enrique Wilson","- - -","16.1 %","69.2 %","45.4 %","72.2 %","91.1 %","88.1 %","55.2 %","31.4 %","5.5 %","222",".110",".242","5.7 %","11.2 %","-59.1","1057","858"
"Juan Castro","- - -","26.2 %","70.3 %","50.7 %","63.9 %","88.2 %","82.6 %","55.6 %","50.9 %","8.8 %","516",".105",".270","4.9 %","16.2 %","-134.1","2352","315"
"John McDonald","- - -","26.1 %","65.0 %","47.7 %","66.4 %","92.0 %","85.8 %","55.6 %","65.9 %","6.8 %","439",".090",".270","4.0 %","14.1 %","-107.9","2004","395"
"Rey Ordonez","- - -","22.5 %","70.7 %","51.0 %","59.3 %","91.2 %","85.5 %","59.3 %","31.4 %","7.4 %","303",".084",".268","5.9 %","9.7 %","-72.4","1350","889"
"Jeff Mathis","Angels","29.7 %","67.3 %","48.2 %","46.4 %","81.8 %","70.7 %","49.2 %","62.7 %","13.9 %","190",".112",".254","7.4 %","26.5 %","-64.2","1079","3448"
